item_id,order_id,product_id,quantity,unit_price,discount_amt
1,1,55,2,469.99,23.5
2,1,49,1,599.0,0.0
4,1,53,1,199.0,29.85
5,2,18,2,399.0,39.9
6,2,37,4,699.0,34.95
7,2,8,1,1349.0,94.43
8,2,52,1,17.99,0.9
9,2,47,3,120.0,6.0
10,3,5,3,1099.0,21.98
11,3,32,1,199.0,39.8
12,3,44,2,13.99,0.0
13,3,33,4,249.0,0.0
14,3,5,3,1099.0,21.98
15,4,7,1,1799.0,89.95
16,4,11,1,349.0,41.88
17,4,22,3,79.0,14.22
18,4,42,4,12.99,0.0
19,5,12,3,249.0,19.92
20,5,5,4,1099.0,21.98
21,5,50,2,345.0,0.0
22,5,17,1,2499.0,0.0
23,6,12,3,249.0,19.92
24,6,56,4,199.99,20.0
25,7,29,4,99.99,5.0
26,7,55,2,469.99,23.5
27,8,17,2,2499.0,0.0
28,8,34,1,99.95,21.99
29,8,39,3,329.0,0.0
30,9,40,3,1599.0,127.92
31,9,14,4,179.0,8.95
32,10,30,3,160.0,24.0
33,11,10,3,1249.0,74.94
34,11,23,4,128.0,6.4
36,12,17,3,2499.0,0.0
37,12,51,2,54.99,6.6
38,12,11,4,349.0,41.88
39,12,37,2,699.0,34.95
40,13,41,3,14.99,0.0
41,13,34,1,99.95,21.99
42,14,49,2,599.0,0.0
43,14,24,1,49.99,12.5
44,15,48,1,149.99,15.0
45,15,56,3,199.99,20.0
46,15,55,4,469.99,23.5
47,15,38,0,179.0,21.48
48,16,16,2,2499.0,0.0
49,16,12,2,249.0,19.92
50,16,25,3,78.0,9.36
51,17,51,4,54.99,6.6
52,17,25,2,78.0,9.36
53,17,14,3,179.0,8.95
54,17,9,4,1449.0,57.96
55,18,3,4,999.0,79.92
56,18,22,1,79.0,14.22
57,18,47,2,120.0,6.0
58,18,47,4,120.0,6.0
59,19,51,1,54.99,6.6
60,19,24,4,49.99,12.5
61,19,12,3,249.0,19.92
62,19,9,2,1449.0,57.96
63,20,44,4,13.99,0.0
64,21,7,3,1799.0,89.95
65,21,2,2,1299.0,64.95
66,21,36,3,449.0,44.9
67,21,9,1,1449.0,57.96
68,22,32,4,199.0,39.8
69,22,5,1,1099.0,21.98
70,22,20,2,98.0,14.7
71,22,22,4,79.0,14.22
72,23,49,1,599.0,0.0
73,23,11,1,349.0,41.88
74,23,25,3,78.0,9.36
75,23,9,2,1449.0,57.96
76,23,49,1,599.0,0.0
77,24,34,1,99.95,21.99
79,24,30,2,160.0,24.0
80,25,23,2,128.0,6.4
81,25,30,2,160.0,24.0
82,25,10,2,1249.0,74.94
83,25,3,2,999.0,79.92
84,25,6,0,1999.0,0.0
85,26,6,2,1999.0,0.0
86,26,32,2,199.0,39.8
87,26,37,1,699.0,34.95
88,26,23,2,128.0,6.4
90,27,18,4,399.0,39.9
91,28,52,3,17.99,0.9
92,29,13,1,329.0,49.35
93,29,10,3,1249.0,74.94
94,29,22,4,79.0,14.22
95,29,25,2,78.0,9.36
97,30,20,1,98.0,14.7
98,31,28,2,190.0,15.2
99,31,51,1,54.99,6.6
100,31,56,3,199.99,20.0
101,32,42,2,12.99,0.0
102,32,2,-1,1299.0,64.95
103,32,39,1,329.0,0.0
104,33,3,4,999.0,79.92
105,33,11,4,349.0,41.88
106,33,18,4,399.0,39.9
107,34,41,3,14.99,0.0
108,34,35,4,267.72,29.85
109,34,36,4,449.0,44.9
110,34,22,2,79.0,14.22
111,34,51,2,54.99,6.6
112,35,29,3,99.99,5.0
113,35,23,1,128.0,6.4
114,35,2,4,1299.0,64.95
115,35,28,3,190.0,15.2
117,36,17,3,2499.0,0.0
118,36,20,4,98.0,14.7
119,37,32,1,199.0,39.8
120,38,13,1,329.0,49.35
121,38,12,1,249.0,19.92
122,38,18,1,399.0,39.9
123,39,50,3,345.0,0.0
124,39,14,4,179.0,8.95
125,39,49,2,599.0,0.0
126,40,9,1,1449.0,57.96
127,41,54,4,35.99,2.88
128,41,22,1,79.0,14.22
129,41,42,3,12.99,0.0
130,41,10,3,1249.0,74.94
131,42,28,0,190.0,15.2
132,42,7,3,1799.0,89.95
133,42,10,1,1249.0,74.94
134,42,49,4,599.0,0.0
135,42,56,1,199.99,20.0
136,43,55,3,469.99,23.5
137,44,15,1,449.0,0.0
138,44,28,4,190.0,15.2
139,44,5,1,1099.0,21.98
140,44,38,4,179.0,21.48
141,44,49,3,599.0,0.0
142,45,20,2,98.0,14.7
143,46,16,1,2499.0,0.0
145,46,37,4,699.0,34.95
146,47,17,2,2499.0,0.0
147,47,6,1,1999.0,0.0
148,48,17,1,2499.0,0.0
149,49,42,2,12.99,0.0
150,49,45,1,2495.0,0.0
152,49,12,2,249.0,19.92
153,49,30,2,160.0,24.0
154,50,13,3,329.0,49.35
155,50,52,4,17.99,0.9
157,51,35,4,199.0,29.85
158,51,18,3,399.0,39.9
159,51,13,1,329.0,49.35
160,51,12,4,340.68,19.92
161,52,39,3,329.0,0.0
162,52,24,4,49.99,12.5
163,52,28,1,190.0,15.2
164,52,17,1,2499.0,0.0
166,53,28,1,190.0,15.2
167,53,52,4,17.99,0.9
168,54,13,1,329.0,49.35
169,54,38,2,130.53,21.48
170,54,50,2,345.0,0.0
173,55,41,4,14.99,0.0
174,55,23,2,128.0,6.4
175,56,12,1,249.0,19.92
176,57,33,3,249.0,0.0
177,57,1,2,1199.0,35.97
178,58,45,3,2495.0,0.0
179,58,38,1,179.0,21.48
180,58,16,4,2499.0,0.0
181,58,41,2,14.99,0.0
182,59,51,4,54.99,6.6
183,59,16,3,2499.0,0.0
184,60,50,2,345.0,0.0
185,60,7,1,1799.0,89.95
186,61,15,1,449.0,0.0
187,61,37,3,699.0,34.95
188,62,55,2,469.99,23.5
189,63,3,2,999.0,79.92
190,63,22,4,79.0,14.22
191,64,45,1,2495.0,0.0
192,64,30,4,160.0,24.0
193,64,42,3,12.99,0.0
194,64,38,1,179.0,21.48
195,65,36,3,449.0,44.9
196,65,16,2,2499.0,0.0
197,65,56,3,199.99,20.0
198,65,34,3,99.95,21.99
199,65,15,4,449.0,0.0
200,66,29,3,99.99,5.0
201,66,40,4,1361.4,127.92
202,67,32,1,199.0,39.8
203,67,22,1,79.0,14.22
204,67,29,4,99.99,5.0
205,67,51,1,54.99,6.6
206,68,53,1,199.0,29.85
207,68,34,4,99.95,21.99
208,68,1,4,1199.0,35.97
209,68,44,1,13.99,0.0
210,68,51,3,54.99,6.6
211,69,24,4,49.99,12.5
212,69,41,2,14.99,0.0
213,69,43,1,15.99,0.8
214,69,21,4,35.0,3.5
215,70,4,0,799.0,79.9
217,72,52,2,17.99,0.9
218,73,6,1,1999.0,0.0
219,73,25,4,78.0,9.36
220,73,51,1,54.99,6.6
221,73,2,3,1299.0,64.95
222,73,20,4,98.0,14.7
223,74,33,4,249.0,0.0
224,75,13,4,329.0,49.35
225,76,9,4,1449.0,57.96
226,77,56,2,199.99,20.0
227,78,42,3,12.99,0.0
228,78,51,2,54.99,6.6
229,78,39,1,329.0,0.0
230,78,55,4,469.99,23.5
232,79,7,1,1799.0,89.95
233,79,25,4,78.0,9.36
234,79,48,2,149.99,15.0
235,80,30,1,160.0,24.0
236,80,8,2,1349.0,94.43
237,81,35,3,199.0,29.85
238,81,25,4,78.0,9.36
239,82,32,3,199.0,39.8
240,82,38,4,179.0,21.48
241,82,15,1,449.0,0.0
242,82,38,1,179.0,21.48
243,83,51,3,54.99,6.6
244,83,24,3,49.99,12.5
245,83,4,3,799.0,79.9
246,84,30,3,160.0,24.0
247,85,25,1,78.0,9.36
248,85,2,2,1299.0,64.95
249,85,44,1,13.99,0.0
250,86,47,4,120.0,6.0
251,87,54,2,35.99,2.88
252,87,31,3,429.0,12.87
253,88,50,4,345.0,0.0
254,88,48,4,149.99,15.0
256,88,48,4,149.99,15.0
257,89,40,3,1599.0,127.92
258,90,2,3,1299.0,64.95
259,90,53,3,199.0,29.85
260,90,42,4,12.99,0.0
261,90,5,2,1099.0,21.98
262,91,35,1,199.0,29.85
263,91,23,2,128.0,6.4
264,92,28,4,190.0,15.2
265,92,14,2,179.0,8.95
266,92,18,1,399.0,39.9
267,92,45,2,2495.0,0.0
268,92,52,2,17.99,0.9
269,93,52,2,17.99,0.9
270,93,20,2,98.0,14.7
271,94,25,1,78.0,9.36
272,94,37,3,699.0,34.95
273,94,35,3,199.0,29.85
274,94,16,2,2499.0,0.0
275,95,24,3,49.99,12.5
276,95,4,2,799.0,79.9
277,95,44,2,13.99,0.0
278,95,53,2,199.0,29.85
279,96,53,3,199.0,29.85
280,96,12,3,249.0,19.92
281,97,43,4,15.99,0.8
282,97,6,2,1999.0,0.0
283,97,51,3,54.99,6.6
284,97,30,3,191.81,24.0
285,97,35,2,199.0,29.85
287,98,42,4,12.99,0.0
288,98,38,4,179.0,21.48
289,99,8,3,1349.0,94.43
290,99,51,3,45.11,6.6
291,100,4,2,799.0,79.9
292,101,31,4,429.0,12.87
293,102,55,1,469.99,23.5
294,103,48,2,149.99,15.0
295,103,50,3,345.0,0.0
296,104,33,3,249.0,0.0
297,104,29,2,99.99,5.0
298,105,14,1,179.0,8.95
299,105,33,3,249.0,0.0
300,105,34,1,99.95,21.99
301,106,16,4,2499.0,0.0
302,106,36,4,449.0,44.9
303,106,34,3,95.04,21.99
305,106,41,0,14.99,0.0
306,107,52,4,17.99,0.9
307,107,36,1,449.0,44.9
308,107,9,1,1449.0,57.96
309,107,30,3,160.0,24.0
310,107,35,3,199.0,29.85
312,108,41,1,14.99,0.0
313,108,44,1,13.99,0.0
314,109,12,1,249.0,19.92
315,109,28,1,190.0,15.2
316,109,18,4,399.0,39.9
317,109,12,4,249.0,19.92
318,110,16,1,2499.0,0.0
319,110,42,1,12.99,0.0
320,110,12,1,249.0,19.92
321,110,32,3,199.0,39.8
322,110,18,2,399.0,39.9
323,111,55,2,469.99,23.5
324,111,20,4,98.0,14.7
325,111,25,1,78.0,9.36
326,111,32,4,199.0,39.8
327,111,35,1,199.0,29.85
328,112,31,1,429.0,12.87
329,112,50,4,345.0,0.0
330,112,35,3,199.0,29.85
331,113,26,4,45.0,3.6
332,113,18,4,399.0,39.9
333,114,49,2,599.0,0.0
334,114,55,4,383.43,23.5
335,114,14,2,179.0,8.95
337,114,50,4,345.0,0.0
338,115,28,3,190.0,15.2
339,115,22,1,79.0,14.22
340,115,13,1,329.0,49.35
341,115,52,2,17.99,0.9
342,115,35,1,199.0,29.85
343,116,35,4,199.0,29.85
344,117,20,3,98.0,14.7
345,118,31,2,429.0,12.87
346,118,7,1,1799.0,89.95
347,118,56,4,199.99,20.0
348,118,9,1,1449.0,57.96
349,119,8,1,1349.0,94.43
350,119,34,4,99.95,21.99
351,119,31,2,429.0,12.87
352,119,22,2,79.0,14.22
353,120,29,4,99.99,5.0
354,120,31,2,429.0,12.87
355,120,25,1,78.0,9.36
357,121,44,4,13.99,0.0
358,122,40,4,1599.0,127.92
359,123,32,4,199.0,39.8
360,123,24,3,49.99,12.5
361,123,33,3,249.0,0.0
362,124,44,1,13.99,0.0
363,124,47,4,120.0,6.0
364,124,37,1,699.0,34.95
365,124,13,3,329.0,49.35
366,124,4,4,799.0,79.9
367,125,32,2,199.0,39.8
368,125,25,2,78.0,9.36
369,125,40,4,1599.0,127.92
370,126,34,2,99.95,21.99
371,126,41,2,14.99,0.0
372,126,46,1,349.0,27.92
373,126,9,4,1449.0,57.96
374,127,34,1,99.95,21.99
375,127,26,-1,45.0,3.6
376,127,56,3,199.99,20.0
377,128,20,4,98.0,14.7
378,128,8,4,1349.0,94.43
379,129,24,2,49.99,12.5
380,129,46,0,349.0,27.92
381,130,46,1,349.0,27.92
382,130,8,2,1349.0,94.43
383,130,32,2,199.0,39.8
384,131,17,3,2499.0,0.0
385,131,8,4,1349.0,94.43
386,132,7,4,1799.0,89.95
387,132,17,1,2499.0,0.0
388,132,7,3,1799.0,89.95
389,133,41,2,14.99,0.0
390,134,34,3,99.95,21.99
391,134,9,4,1449.0,57.96
392,134,7,3,1799.0,89.95
393,135,1,1,1199.0,35.97
394,135,17,-1,2499.0,0.0
395,135,49,2,599.0,0.0
396,135,7,4,1799.0,89.95
397,135,16,4,2499.0,0.0
398,136,29,2,99.99,5.0
399,136,21,4,35.0,3.5
400,136,24,1,49.99,12.5
401,136,1,-1,1199.0,35.97
402,136,35,2,199.0,29.85
403,137,51,2,54.99,6.6
404,137,4,1,799.0,79.9
405,138,56,4,199.99,20.0
406,138,5,3,1099.0,21.98
407,139,29,1,99.99,5.0
408,140,43,2,15.99,0.8
409,140,10,4,1249.0,74.94
410,140,11,4,349.0,41.88
411,140,32,3,199.0,39.8
412,140,50,2,345.0,0.0
413,141,55,2,469.99,23.5
414,141,42,1,12.99,0.0
415,141,36,4,449.0,44.9
416,141,6,3,1999.0,0.0
417,142,20,1,98.0,14.7
418,142,3,2,999.0,79.92
419,142,45,1,2495.0,0.0
420,142,5,1,1099.0,21.98
421,142,20,4,98.0,14.7
423,143,35,1,199.0,29.85
424,144,36,1,449.0,44.9
425,145,56,2,199.99,20.0
426,145,44,2,13.99,0.0
427,145,45,3,2495.0,0.0
428,146,28,0,190.0,15.2
429,146,50,2,345.0,0.0
431,147,8,1,1349.0,94.43
432,147,18,4,399.0,39.9
433,147,32,2,199.0,39.8
434,148,4,2,799.0,79.9
435,148,40,1,1599.0,127.92
436,149,16,3,2499.0,0.0
437,149,1,3,1199.0,35.97
438,149,1,3,1199.0,35.97
439,149,14,4,179.0,8.95
440,150,25,3,78.0,9.36
441,150,33,4,249.0,0.0
442,150,47,4,120.0,6.0
443,150,11,4,349.0,41.88
444,151,4,2,799.0,79.9
445,152,16,3,2499.0,0.0
446,152,41,-1,14.99,0.0
447,153,24,1,49.99,12.5
448,153,3,4,999.0,79.92
449,153,7,4,1799.0,89.95
450,154,42,3,12.99,0.0
451,154,7,2,1799.0,89.95
452,154,43,4,15.99,0.8
453,155,56,1,199.99,20.0
454,156,25,1,78.0,9.36
455,156,34,3,99.95,21.99
456,157,37,3,699.0,34.95
457,157,50,4,345.0,0.0
458,157,33,4,249.0,0.0
459,157,43,4,15.99,0.8
460,158,35,3,199.0,29.85
461,159,45,4,2495.0,0.0
462,160,13,1,329.0,49.35
463,160,32,3,199.0,39.8
464,160,20,3,98.0,14.7
465,161,21,3,35.0,3.5
466,161,6,2,1999.0,0.0
467,161,51,2,54.99,6.6
468,161,49,3,599.0,0.0
469,161,45,1,2495.0,0.0
470,162,7,4,1799.0,89.95
471,163,7,3,1799.0,89.95
472,163,45,1,2495.0,0.0
473,163,3,2,1130.19,79.92
474,164,25,2,78.0,9.36
475,164,1,2,1199.0,35.97
476,164,14,2,179.0,8.95
477,164,12,4,249.0,19.92
478,165,18,2,399.0,39.9
479,166,43,4,15.99,0.8
480,166,43,3,15.99,0.8
481,167,53,2,199.0,29.85
482,167,3,3,999.0,79.92
483,168,49,4,599.0,0.0
484,169,18,3,399.0,39.9
485,170,13,3,329.0,49.35
486,170,51,2,54.99,6.6
487,171,38,1,179.0,21.48
488,171,37,4,699.0,34.95
489,171,56,3,199.99,20.0
490,172,34,1,99.95,21.99
491,172,25,1,78.0,9.36
492,173,2,1,1299.0,64.95
493,173,26,3,45.0,3.6
494,173,48,1,149.99,15.0
495,174,56,2,199.99,20.0
496,174,2,1,1299.0,64.95
497,174,53,4,199.0,29.85
498,174,16,4,2499.0,0.0
499,175,55,3,469.99,23.5
500,176,26,1,45.0,3.6
501,176,55,1,469.99,23.5
502,176,22,3,79.0,14.22
503,176,16,1,2499.0,0.0
504,176,2,1,1299.0,64.95
505,177,17,2,2499.0,0.0
506,177,46,2,349.0,27.92
507,178,41,4,14.99,0.0
508,179,18,4,399.0,39.9
509,179,35,4,199.0,29.85
510,179,18,-1,399.0,39.9
511,179,26,2,45.0,3.6
512,179,13,1,329.0,49.35
513,180,5,4,1099.0,21.98
514,180,10,3,1249.0,74.94
515,180,29,4,99.99,5.0
516,180,33,2,249.0,0.0
517,181,34,2,99.95,21.99
518,181,21,2,35.0,3.5
519,182,32,1,199.0,39.8
520,182,55,1,469.99,23.5
521,183,20,3,98.0,14.7
522,183,24,4,49.99,12.5
523,184,37,2,699.0,34.95
524,184,11,2,349.0,41.88
525,185,55,3,469.99,23.5
526,185,14,4,179.0,8.95
527,186,2,3,1299.0,64.95
528,186,36,4,449.0,44.9
529,186,23,4,128.0,6.4
530,186,1,0,1199.0,35.97
531,186,39,3,329.0,0.0
532,187,11,1,349.0,41.88
533,187,56,3,199.99,20.0
534,187,54,2,24.21,2.88
535,188,44,3,13.99,0.0
536,188,7,1,1799.0,89.95
537,189,12,3,249.0,19.92
538,189,42,1,12.99,0.0
539,189,48,3,149.99,15.0
540,189,53,3,199.0,29.85
541,190,2,4,1299.0,64.95
543,191,31,1,429.0,12.87
544,191,8,1,1349.0,94.43
545,192,42,1,12.99,0.0
546,192,5,2,1099.0,21.98
547,193,38,4,179.0,21.48
548,193,41,4,14.99,0.0
549,193,15,1,449.0,0.0
550,194,47,1,120.0,6.0
551,195,34,1,99.95,21.99
553,195,38,1,179.0,21.48
554,196,45,2,2495.0,0.0
556,197,4,3,799.0,79.9
557,197,18,2,234.68,39.9
558,197,47,4,120.0,6.0
559,198,52,3,17.99,0.9
560,198,5,3,1099.0,21.98
561,198,30,4,160.0,24.0
562,198,25,1,78.0,9.36
563,199,12,4,249.0,19.92
564,199,17,1,2499.0,0.0
565,199,1,3,1199.0,35.97
566,199,14,1,179.0,8.95
567,200,10,1,1249.0,74.94
568,200,20,3,98.0,14.7
569,201,28,1,190.0,15.2
571,201,48,2,149.99,15.0
572,201,50,3,345.0,0.0
573,201,8,2,1349.0,94.43
574,202,9,2,1449.0,57.96
575,202,22,3,79.0,14.22
576,202,46,3,349.0,27.92
577,202,31,2,429.0,12.87
578,202,54,4,35.99,2.88
579,203,50,2,345.0,0.0
580,204,13,1,329.0,49.35
582,204,9,3,1449.0,57.96
583,205,46,2,349.0,27.92
584,206,4,2,799.0,79.9
585,206,25,2,78.0,9.36
586,207,47,1,120.0,6.0
587,207,44,4,13.99,0.0
588,207,2,0,1299.0,64.95
589,208,26,4,45.0,3.6
590,208,52,2,17.99,0.9
591,208,26,4,54.72,3.6
592,208,23,1,128.0,6.4
593,209,44,1,13.99,0.0
594,210,45,1,2495.0,0.0
595,211,20,1,98.0,14.7
596,211,17,2,2499.0,0.0
597,211,39,1,329.0,0.0
598,212,48,3,149.99,15.0
599,213,1,2,1199.0,35.97
600,213,54,1,35.99,2.88
601,213,2,1,1299.0,64.95
602,213,48,1,149.99,15.0
603,213,9,2,1449.0,57.96
604,214,3,2,999.0,79.92
605,214,28,4,190.0,15.2
606,214,14,3,179.0,8.95
607,214,32,3,199.0,39.8
608,215,4,4,799.0,79.9
609,215,35,1,199.0,29.85
610,216,33,2,249.0,0.0
611,217,39,1,329.0,0.0
612,218,8,4,1349.0,94.43
613,218,20,3,98.0,14.7
614,218,48,4,149.99,15.0
615,219,30,4,160.0,24.0
616,219,51,1,54.99,6.6
617,220,55,4,469.99,23.5
618,220,34,3,99.95,21.99
619,220,40,2,1599.0,127.92
620,221,39,1,329.0,0.0
622,222,43,4,15.99,0.8
623,222,55,1,469.99,23.5
624,223,20,4,98.0,14.7
625,223,17,2,2499.0,0.0
626,223,11,4,349.0,41.88
627,223,26,1,45.0,3.6
628,223,49,4,599.0,0.0
629,224,3,1,999.0,79.92
630,224,40,4,1599.0,127.92
631,224,55,4,469.99,23.5
632,224,22,3,79.0,14.22
633,225,41,3,14.99,0.0
634,225,34,2,99.95,21.99
635,225,49,1,599.0,0.0
636,226,9,4,1449.0,57.96
637,227,56,1,278.39,20.0
638,227,52,1,17.99,0.9
639,228,28,1,190.0,15.2
640,228,15,2,449.0,0.0
641,228,34,2,99.95,21.99
642,228,6,2,1999.0,0.0
643,228,32,3,199.0,39.8
644,229,34,2,99.95,21.99
645,229,42,1,12.99,0.0
646,230,3,3,999.0,79.92
647,231,46,1,349.0,27.92
648,231,25,1,78.0,9.36
649,231,23,1,128.0,6.4
651,232,45,3,2495.0,0.0
652,232,34,2,99.95,21.99
653,233,49,4,599.0,0.0
654,234,50,1,345.0,0.0
655,234,53,2,199.0,29.85
656,234,44,3,13.99,0.0
657,235,16,4,2499.0,0.0
658,235,20,4,98.0,14.7
659,235,18,1,399.0,39.9
660,235,23,4,128.0,6.4
661,235,31,3,429.0,12.87
662,236,1,2,1199.0,35.97
663,236,37,2,699.0,34.95
664,236,43,3,15.99,0.8
665,237,29,1,99.99,5.0
666,237,33,2,249.0,0.0
667,237,5,4,1099.0,21.98
668,238,18,2,399.0,39.9
669,239,29,1,99.99,5.0
670,239,42,3,12.99,0.0
671,239,30,2,160.0,24.0
672,239,18,1,399.0,39.9
673,239,35,1,199.0,29.85
674,240,46,1,349.0,27.92
675,240,17,2,2499.0,0.0
676,240,23,4,128.0,6.4
677,240,22,4,79.0,14.22
678,240,14,4,179.0,8.95
679,241,13,1,329.0,49.35
680,241,37,1,699.0,34.95
681,241,11,3,349.0,41.88
682,241,47,4,120.0,6.0
683,242,9,2,1449.0,57.96
684,242,17,4,2499.0,0.0
685,242,3,4,999.0,79.92
686,242,43,3,15.99,0.8
687,242,12,2,249.0,19.92
688,243,51,2,54.99,6.6
689,244,18,2,399.0,39.9
690,244,5,3,1099.0,21.98
691,244,5,1,1099.0,21.98
692,245,29,1,99.99,5.0
693,246,53,1,199.0,29.85
694,246,21,2,35.0,3.5
695,247,1,2,1199.0,35.97
696,247,47,2,120.0,6.0
697,247,20,4,98.0,14.7
698,248,43,3,15.99,0.8
699,248,15,1,449.0,0.0
700,248,47,2,120.0,6.0
701,248,52,2,17.99,0.9
702,248,51,4,54.99,6.6
703,249,28,4,190.0,15.2
704,249,20,3,98.0,14.7
705,250,49,2,599.0,0.0
706,250,41,1,14.99,0.0
708,251,54,2,35.99,2.88
709,251,41,3,14.99,0.0
710,251,4,2,799.0,79.9
711,251,2,2,1299.0,64.95
712,252,54,1,35.99,2.88
713,252,44,3,13.99,0.0
714,252,28,1,190.0,15.2
716,252,44,3,13.99,0.0
718,253,17,2,2499.0,0.0
719,254,18,3,399.0,39.9
720,254,6,4,1999.0,0.0
721,254,40,1,1599.0,127.92
722,255,21,2,35.0,3.5
723,255,35,2,199.0,29.85
724,255,5,4,1099.0,21.98
725,255,53,2,199.0,29.85
726,256,20,3,98.0,14.7
727,256,32,-1,199.0,39.8
728,256,8,3,1349.0,94.43
729,256,2,3,1299.0,64.95
730,256,12,3,249.0,19.92
731,257,2,3,1299.0,64.95
732,257,45,3,2495.0,0.0
733,257,47,2,120.0,6.0
734,257,41,4,14.99,0.0
735,257,41,2,14.99,0.0
736,258,5,4,1099.0,21.98
737,258,56,3,199.99,20.0
738,258,33,4,249.0,0.0
739,258,39,3,329.0,0.0
740,258,43,2,15.99,0.8
741,259,33,2,249.0,0.0
742,259,2,2,1299.0,64.95
743,259,36,4,449.0,44.9
744,259,4,4,799.0,79.9
745,260,2,3,1299.0,64.95
746,260,48,1,149.99,15.0
747,260,32,0,199.0,39.8
748,261,47,2,120.0,6.0
750,262,10,3,1249.0,74.94
751,262,10,4,1249.0,74.94
752,262,9,1,1449.0,57.96
753,262,8,1,1349.0,94.43
754,263,49,1,599.0,0.0
755,263,44,4,13.99,0.0
756,263,46,3,349.0,27.92
757,264,5,2,1099.0,21.98
758,265,38,4,179.0,21.48
759,265,16,2,2499.0,0.0
760,265,25,3,78.0,9.36
761,265,12,1,249.0,19.92
763,266,47,3,120.0,6.0
764,267,22,4,79.0,14.22
765,267,30,3,160.0,24.0
766,268,6,3,1999.0,0.0
767,268,48,1,149.99,15.0
768,268,46,3,349.0,27.92
769,268,9,1,1449.0,57.96
770,268,34,4,99.95,21.99
771,269,2,2,1299.0,64.95
772,269,21,1,35.0,3.5
773,270,54,4,35.99,2.88
774,270,24,4,49.99,12.5
777,272,33,1,249.0,0.0
778,272,48,2,149.99,15.0
779,272,28,1,190.0,15.2
780,272,31,4,429.0,12.87
781,273,5,1,1099.0,21.98
783,273,37,4,699.0,34.95
784,274,56,3,199.99,20.0
785,274,12,2,249.0,19.92
786,274,31,1,429.0,12.87
787,274,37,2,699.0,34.95
788,274,6,3,1999.0,0.0
789,275,26,4,45.0,3.6
790,275,3,4,999.0,79.92
791,275,22,1,79.0,14.22
792,275,9,2,1449.0,57.96
793,276,34,4,99.95,21.99
794,276,12,3,249.0,19.92
795,276,25,2,78.0,9.36
796,277,56,1,199.99,20.0
797,277,5,1,1099.0,21.98
798,277,20,3,98.0,14.7
799,278,39,3,329.0,0.0
800,278,14,4,179.0,8.95
801,278,26,4,45.0,3.6
802,278,11,4,349.0,41.88
804,279,16,2,2499.0,0.0
805,279,34,1,99.95,21.99
806,279,14,3,179.0,8.95
807,279,29,4,99.99,5.0
808,280,31,4,429.0,12.87
809,281,2,1,1299.0,64.95
810,281,10,4,1249.0,74.94
811,282,41,3,14.99,0.0
812,282,22,2,79.0,14.22
813,282,35,3,199.0,29.85
814,282,10,3,1249.0,74.94
815,282,10,1,1249.0,74.94
816,283,26,1,45.0,3.6
817,283,54,1,35.99,2.88
818,283,29,2,99.99,5.0
819,283,11,1,349.0,41.88
820,283,13,2,329.0,49.35
821,284,37,4,699.0,34.95
822,284,35,3,199.0,29.85
823,284,17,1,2499.0,0.0
824,284,44,2,13.99,0.0
825,285,4,4,799.0,79.9
826,285,45,4,2495.0,0.0
827,285,37,4,699.0,34.95
828,286,44,2,13.99,0.0
830,286,11,2,349.0,41.88
831,287,33,2,249.0,0.0
832,287,26,1,45.0,3.6
833,287,31,4,429.0,12.87
834,288,7,1,1799.0,89.95
835,289,10,2,1249.0,74.94
836,289,30,4,160.0,24.0
837,289,26,2,45.0,3.6
838,289,36,3,449.0,44.9
839,289,11,4,349.0,41.88
840,290,30,2,160.0,24.0
841,290,20,4,98.0,14.7
842,291,31,4,429.0,12.87
843,291,49,3,599.0,0.0
844,291,17,2,2499.0,0.0
845,292,3,3,999.0,79.92
846,292,16,4,2499.0,0.0
848,292,23,1,128.0,6.4
849,293,47,2,120.0,6.0
850,293,49,1,599.0,0.0
851,293,39,2,329.0,0.0
852,293,39,3,329.0,0.0
853,294,23,2,128.0,6.4
854,294,31,4,429.0,12.87
855,295,56,3,199.99,20.0
856,295,16,4,2499.0,0.0
857,295,43,3,15.99,0.8
858,296,14,4,179.0,8.95
859,296,55,4,469.99,23.5
860,296,2,4,1299.0,64.95
861,296,12,2,249.0,19.92
862,296,43,1,15.99,0.8
863,297,15,4,449.0,0.0
864,297,31,3,429.0,12.87
865,298,41,2,14.99,0.0
866,298,56,3,199.99,20.0
867,299,16,2,2499.0,0.0
868,299,10,3,1249.0,74.94
869,299,51,3,54.99,6.6
870,299,5,1,1099.0,21.98
871,299,36,1,449.0,44.9
872,300,10,3,1249.0,74.94
873,300,39,3,329.0,0.0
874,300,46,4,349.0,27.92
875,300,23,2,128.0,6.4
876,301,13,2,329.0,49.35
877,301,46,4,349.0,27.92
878,301,1,4,1199.0,35.97
879,301,7,2,2222.57,89.95
880,301,22,4,79.0,14.22
881,302,31,1,429.0,12.87
882,302,9,1,1449.0,57.96
883,302,6,3,1999.0,0.0
884,303,14,4,179.0,8.95
885,303,51,1,54.99,6.6
886,303,56,3,199.99,20.0
887,303,39,4,329.0,0.0
888,304,9,2,1449.0,57.96
889,304,52,3,17.99,0.9
890,305,13,3,329.0,49.35
891,305,28,2,190.0,15.2
892,305,18,2,399.0,39.9
893,306,52,4,17.99,0.9
894,307,2,2,1299.0,64.95
895,307,43,2,15.99,0.8
896,307,1,2,1199.0,35.97
897,307,48,3,149.99,15.0
898,307,44,3,13.99,0.0
899,308,25,2,78.0,9.36
900,309,45,3,2495.0,0.0
901,310,11,3,349.0,41.88
902,310,10,2,1249.0,74.94
903,310,38,3,179.0,21.48
904,310,20,3,98.0,14.7
905,310,7,1,1799.0,89.95
906,311,7,3,1799.0,89.95
907,311,34,4,99.95,21.99
908,312,6,4,1999.0,0.0
909,312,29,1,99.99,5.0
910,312,31,1,429.0,12.87
911,312,49,3,599.0,0.0
912,313,53,3,199.0,29.85
913,313,9,4,1449.0,57.96
914,313,28,2,190.0,15.2
915,313,25,4,78.0,9.36
916,313,36,4,449.0,44.9
917,314,39,2,329.0,0.0
918,315,21,1,35.0,3.5
919,315,15,3,449.0,0.0
920,315,31,3,429.0,12.87
922,316,23,4,128.0,6.4
923,316,42,3,12.99,0.0
924,316,14,2,179.0,8.95
925,316,53,3,199.0,29.85
926,317,38,1,179.0,21.48
927,317,33,3,249.0,0.0
928,317,10,3,1249.0,74.94
930,317,52,1,17.99,0.9
931,318,39,3,329.0,0.0
932,318,4,4,799.0,79.9
933,318,9,3,1449.0,57.96
934,319,46,2,349.0,27.92
935,319,38,2,179.0,21.48
936,319,20,1,98.0,14.7
937,319,56,1,199.99,20.0
938,320,36,3,449.0,44.9
939,320,11,4,302.99,41.88
940,321,28,4,190.0,15.2
941,321,51,4,54.99,6.6
942,321,1,1,1199.0,35.97
943,321,7,3,1799.0,89.95
944,322,7,3,1799.0,89.95
945,322,4,2,799.0,79.9
946,322,6,-1,1999.0,0.0
947,322,5,1,1099.0,21.98
948,323,40,1,1599.0,127.92
949,323,33,2,249.0,0.0
950,324,31,3,429.0,12.87
951,324,25,2,78.0,9.36
952,324,41,3,14.99,0.0
953,325,14,3,179.0,8.95
954,326,3,1,999.0,79.92
955,326,43,3,15.99,0.8
956,327,56,3,199.99,20.0
957,327,41,2,14.99,0.0
958,328,49,4,599.0,0.0
959,329,11,1,349.0,41.88
960,329,37,2,699.0,34.95
961,329,41,1,14.99,0.0
962,329,4,2,799.0,79.9
963,329,26,4,45.0,3.6
964,330,29,3,99.99,5.0
965,330,5,2,1099.0,21.98
966,330,26,2,45.0,3.6
967,331,43,2,15.99,0.8
968,332,5,4,598.29,21.98
969,332,42,1,12.99,0.0
970,333,25,2,78.0,9.36
971,333,54,1,35.99,2.88
972,333,34,2,99.95,21.99
973,333,49,3,599.0,0.0
974,333,25,4,78.0,9.36
975,334,36,3,638.85,44.9
976,334,41,3,14.99,0.0
977,334,32,0,199.0,39.8
978,335,55,4,469.99,23.5
979,335,42,4,12.99,0.0
980,335,17,2,2499.0,0.0
981,335,45,3,2495.0,0.0
982,335,49,1,599.0,0.0
983,336,39,3,329.0,0.0
984,336,8,2,1349.0,94.43
985,337,28,2,190.0,15.2
986,337,30,4,160.0,24.0
987,337,11,4,349.0,41.88
988,337,24,3,49.99,12.5
989,337,23,4,128.0,6.4
990,338,55,1,469.99,23.5
991,338,49,3,599.0,0.0
992,338,13,4,329.0,49.35
994,339,38,3,179.0,21.48
995,339,21,1,35.0,3.5
996,339,30,4,160.0,24.0
997,340,21,2,35.0,3.5
998,341,56,2,199.99,20.0
999,341,3,1,999.0,79.92
1000,341,45,4,2495.0,0.0
1001,342,3,3,1297.33,79.92
1002,342,41,2,14.99,0.0
1003,342,12,2,249.0,19.92
1004,343,45,4,2495.0,0.0
1005,343,16,3,2499.0,0.0
1006,343,17,4,2499.0,0.0
1007,344,18,3,399.0,39.9
1008,344,21,2,35.0,3.5
1009,344,43,3,15.99,0.8
1010,345,28,3,190.0,15.2
1011,346,10,2,1249.0,74.94
1012,346,1,1,1199.0,35.97
1013,346,30,2,160.0,24.0
1014,347,14,4,179.0,8.95
1015,347,56,-1,199.99,20.0
1016,348,49,4,599.0,0.0
1017,348,18,1,399.0,39.9
1018,348,34,2,99.95,21.99
1019,348,18,2,399.0,39.9
1021,349,18,1,399.0,39.9
1022,349,46,3,349.0,27.92
1023,349,37,2,699.0,34.95
1024,350,54,4,35.99,2.88
1025,350,43,4,15.99,0.8
1026,350,11,3,349.0,41.88
1027,350,50,3,345.0,0.0
1028,351,45,4,2495.0,0.0
1029,352,53,3,199.0,29.85
1031,353,23,1,128.0,6.4
1032,353,24,4,49.99,12.5
1033,353,17,3,2499.0,0.0
1034,354,14,4,179.0,8.95
1035,354,45,1,2495.0,0.0
1036,355,56,1,199.99,20.0
1037,355,55,1,469.99,23.5
1038,355,43,2,15.99,0.8
1039,355,41,4,14.99,0.0
1040,356,33,4,249.0,0.0
1041,356,49,1,599.0,0.0
1042,356,12,1,249.0,19.92
1044,357,33,1,249.0,0.0
1045,357,49,1,599.0,0.0
1046,357,40,1,1599.0,127.92
1047,357,11,2,349.0,41.88
1048,358,55,1,469.99,23.5
1049,358,15,1,449.0,0.0
1050,359,32,2,199.0,39.8
1051,360,11,2,349.0,41.88
1052,360,45,4,2495.0,0.0
1053,360,6,1,1999.0,0.0
1054,360,3,2,999.0,79.92
1055,360,50,4,345.0,0.0
1056,361,25,2,78.0,9.36
1057,361,47,3,120.0,6.0
1058,362,25,3,78.0,9.36
1059,362,34,3,99.95,21.99
1060,362,43,3,15.99,0.8
1061,362,10,1,1249.0,74.94
1062,362,44,1,13.99,0.0
1063,363,17,4,2499.0,0.0
1064,364,32,3,199.0,39.8
1066,364,15,1,449.0,0.0
1067,365,5,2,1099.0,21.98
1068,365,40,4,1599.0,127.92
1069,366,9,4,1449.0,57.96
1070,366,17,1,2499.0,0.0
1071,366,46,2,349.0,27.92
1073,367,3,4,999.0,79.92
1074,367,31,1,429.0,12.87
1075,368,39,4,329.0,0.0
1076,368,1,3,1199.0,35.97
1077,368,44,2,13.99,0.0
1078,368,39,3,329.0,0.0
1079,368,4,3,799.0,79.9
1080,369,34,1,99.95,21.99
1081,370,8,4,1349.0,94.43
1082,370,42,1,12.99,0.0
1083,370,42,3,12.99,0.0
1084,370,44,4,13.99,0.0
1085,370,18,1,399.0,39.9
1086,371,10,3,1249.0,74.94
1087,371,3,1,999.0,79.92
1088,371,15,1,449.0,0.0
1089,372,42,4,12.99,0.0
1090,372,54,1,35.99,2.88
1091,372,11,3,349.0,41.88
1092,372,39,1,329.0,0.0
1093,372,54,2,35.99,2.88
1094,373,12,1,249.0,19.92
1095,373,10,2,1249.0,74.94
1096,373,37,3,699.0,34.95
1097,374,35,1,199.0,29.85
1098,375,29,4,99.99,5.0
1099,375,9,3,1449.0,57.96
1100,375,14,4,179.0,8.95
1101,375,16,4,2499.0,0.0
1102,376,48,3,149.99,15.0
1103,377,12,1,249.0,19.92
1104,378,55,4,469.99,23.5
1105,378,43,1,15.99,0.8
1106,379,25,2,78.0,9.36
1107,379,44,3,13.99,0.0
1108,380,37,2,699.0,34.95
1109,380,53,3,199.0,29.85
1110,381,24,3,49.99,12.5
1111,381,15,3,449.0,0.0
1112,381,14,4,179.0,8.95
1113,382,48,2,149.99,15.0
1114,382,20,4,98.0,14.7
1115,382,11,2,349.0,41.88
1116,382,51,4,54.99,6.6
1117,383,4,4,799.0,79.9
1118,383,42,4,12.99,0.0
1119,383,33,4,249.0,0.0
1120,383,23,4,128.0,6.4
1121,383,12,1,249.0,19.92
1122,384,52,2,17.99,0.9
1123,384,14,4,179.0,8.95
1124,384,36,1,449.0,44.9
1125,385,23,2,128.0,6.4
1126,385,49,4,599.0,0.0
1127,385,23,3,128.0,6.4
1128,386,14,4,179.0,8.95
1129,386,38,4,179.0,21.48
1130,386,29,4,99.99,5.0
1131,387,49,-1,599.0,0.0
1132,388,44,3,13.99,0.0
1133,388,15,2,449.0,0.0
1134,388,37,2,699.0,34.95
1135,388,1,2,1199.0,35.97
1136,388,42,4,12.99,0.0
1137,389,29,1,99.99,5.0
1138,389,25,1,78.0,9.36
1140,390,54,3,35.99,2.88
1141,390,1,4,1199.0,35.97
1142,390,50,3,345.0,0.0
1143,390,3,2,999.0,79.92
1144,390,17,4,2499.0,0.0
1145,391,31,2,429.0,12.87
1146,391,10,4,1249.0,74.94
1147,392,3,1,999.0,79.92
1149,393,9,3,1449.0,57.96
1150,393,5,-1,1099.0,21.98
1151,393,52,4,17.99,0.9
1152,394,49,2,599.0,0.0
1153,394,14,1,179.0,8.95
1154,395,49,1,599.0,0.0
1155,396,1,4,1199.0,35.97
1156,397,3,1,999.0,79.92
1157,398,15,2,449.0,0.0
1158,398,17,2,2499.0,0.0
1159,398,25,1,78.0,9.36
1160,398,2,2,1299.0,64.95
1161,399,21,3,35.0,3.5
1162,399,46,1,349.0,27.92
1163,399,54,3,35.99,2.88
1164,399,40,0,1599.0,127.92
1166,400,41,3,14.99,0.0
1167,401,10,1,1249.0,74.94
1168,401,41,2,14.99,0.0
1169,402,18,3,399.0,39.9
1170,402,1,4,1199.0,35.97
1171,402,20,4,98.0,14.7
1172,402,56,4,199.99,20.0
1173,403,51,4,54.99,6.6
1174,403,41,1,14.99,0.0
1175,404,21,3,35.0,3.5
1176,404,47,3,120.0,6.0
1177,404,16,4,2499.0,0.0
1178,404,38,2,179.0,21.48
1179,404,14,2,179.0,8.95
1180,405,21,3,35.0,3.5
1181,405,20,3,98.0,14.7
1182,405,4,2,799.0,79.9
1183,405,55,3,469.99,23.5
1185,406,14,2,179.0,8.95
1186,406,14,3,179.0,8.95
1187,406,49,4,599.0,0.0
1188,406,41,2,14.99,0.0
1189,407,36,1,449.0,44.9
1190,407,5,1,1554.23,21.98
1191,407,6,1,1999.0,0.0
1192,407,25,2,78.0,9.36
1193,407,5,1,1099.0,21.98
1194,408,37,1,699.0,34.95
1195,409,24,4,49.99,12.5
1196,410,5,1,1099.0,21.98
1197,410,42,3,12.99,0.0
1198,410,9,1,1449.0,57.96
1199,411,41,2,14.99,0.0
1200,411,13,2,329.0,49.35
1201,411,42,1,12.99,0.0
1202,411,15,4,449.0,0.0
1203,412,28,3,190.0,15.2
1204,412,52,3,17.99,0.9
1205,413,54,1,35.99,2.88
1206,413,47,3,120.0,6.0
1207,414,17,2,2499.0,0.0
1208,414,51,4,54.99,6.6
1209,414,30,2,160.0,24.0
1210,414,2,3,1299.0,64.95
1211,415,26,1,45.0,3.6
1212,415,52,3,17.99,0.9
1213,415,23,4,128.0,6.4
1214,415,48,4,149.99,15.0
1216,416,42,3,12.99,0.0
1217,416,12,3,249.0,19.92
1218,417,7,2,1799.0,89.95
1219,417,32,1,199.0,39.8
1220,418,23,1,128.0,6.4
1221,418,10,3,1249.0,74.94
1222,418,28,3,190.0,15.2
1223,418,30,1,160.0,24.0
1224,419,44,1,13.99,0.0
1225,419,50,2,345.0,0.0
1226,419,28,3,190.0,15.2
1227,419,50,0,345.0,0.0
1228,419,43,4,15.99,0.8
1229,420,21,2,35.0,3.5
1230,421,56,3,199.99,20.0
1231,421,42,2,12.99,0.0
1232,421,34,3,99.95,21.99
1233,421,37,2,699.0,34.95
1234,422,21,3,35.0,3.5
1235,422,34,1,99.95,21.99
1236,422,49,4,599.0,0.0
1237,422,21,2,35.0,3.5
1238,422,6,2,1999.0,0.0
1239,423,33,4,249.0,0.0
1241,423,51,3,54.99,6.6
1242,423,31,3,429.0,12.87
1243,423,48,3,149.99,15.0
1244,424,24,2,49.99,12.5
1245,424,3,3,999.0,79.92
1246,425,56,1,199.99,20.0
1247,425,2,4,1299.0,64.95
1248,425,37,3,699.0,34.95
1249,425,4,4,799.0,79.9
1250,426,9,4,1449.0,57.96
1252,427,13,4,329.0,49.35
1253,427,50,-1,345.0,0.0
1254,427,10,1,1249.0,74.94
1255,428,8,2,1349.0,94.43
1256,428,37,1,699.0,34.95
1257,428,7,4,2424.45,89.95
1258,428,5,4,1099.0,21.98
1259,428,3,4,999.0,79.92
1260,429,9,3,1449.0,57.96
1261,429,15,2,449.0,0.0
1262,429,28,3,190.0,15.2
1263,429,14,1,179.0,8.95
1264,430,8,2,1349.0,94.43
1265,430,28,2,190.0,15.2
1266,431,43,3,15.99,0.8
1267,431,49,4,599.0,0.0
1268,431,30,2,160.0,24.0
1270,432,15,3,449.0,0.0
1271,433,38,4,179.0,21.48
1272,433,42,3,12.99,0.0
1273,433,8,4,1349.0,94.43
1274,434,22,3,79.0,14.22
1275,434,3,3,999.0,79.92
1276,435,24,1,49.99,12.5
1277,435,37,4,699.0,34.95
1278,435,31,4,429.0,12.87
1279,435,42,2,12.99,0.0
1280,436,53,2,199.0,29.85
1283,436,25,4,78.0,9.36
1284,437,56,3,199.99,20.0
1286,439,3,2,999.0,79.92
1287,439,8,4,1349.0,94.43
1288,439,4,2,799.0,79.9
1289,440,45,3,2495.0,0.0
1290,440,51,4,54.99,6.6
1291,440,20,3,98.0,14.7
1292,440,23,4,128.0,6.4
1293,441,30,3,160.0,24.0
1294,442,46,2,349.0,27.92
1295,442,2,2,1299.0,64.95
1296,442,26,4,45.0,3.6
1297,442,10,1,1249.0,74.94
1298,442,4,2,799.0,79.9
1299,443,18,2,399.0,39.9
1300,444,14,3,179.0,8.95
1301,444,4,2,799.0,79.9
1302,445,2,3,1299.0,64.95
1303,446,31,1,429.0,12.87
1304,446,29,4,99.99,5.0
1305,446,25,2,78.0,9.36
1306,446,41,3,14.99,0.0
1307,446,55,1,469.99,23.5
1308,447,44,3,13.99,0.0
1309,447,56,3,199.99,20.0
1310,448,3,3,999.0,79.92
1311,449,18,1,399.0,39.9
1312,449,12,2,249.0,19.92
1313,450,20,1,98.0,14.7
1314,450,31,4,429.0,12.87
1315,451,55,3,469.99,23.5
1316,451,3,1,999.0,79.92
1317,451,6,3,1999.0,0.0
1318,451,47,4,120.0,6.0
1319,451,44,1,13.99,0.0
1320,452,40,4,1599.0,127.92
1321,453,11,4,349.0,41.88
1322,453,45,4,2495.0,0.0
1323,453,14,4,179.0,8.95
1324,453,30,1,160.0,24.0
1325,454,51,1,54.99,6.6
1326,454,49,-1,599.0,0.0
1327,454,56,4,199.99,20.0
1328,454,33,-1,249.0,0.0
1329,454,35,4,199.0,29.85
1330,455,28,3,190.0,15.2
1331,455,55,4,469.99,23.5
1332,455,33,4,249.0,0.0
1333,456,47,2,120.0,6.0
1334,456,2,2,1299.0,64.95
1335,457,24,3,49.99,12.5
1336,457,14,1,179.0,8.95
1337,457,2,1,1299.0,64.95
1338,457,2,3,1299.0,64.95
1339,457,45,-1,2495.0,0.0
1340,458,48,4,149.99,15.0
1341,458,28,4,190.0,15.2
1342,458,1,2,1199.0,35.97
1343,459,5,1,1099.0,21.98
1344,459,34,4,99.95,21.99
1345,459,39,4,329.0,0.0
1346,459,51,2,54.99,6.6
1347,460,34,4,99.95,21.99
1348,460,26,2,45.0,3.6
1349,461,35,1,199.0,29.85
1350,461,22,1,79.0,14.22
1351,461,40,2,1599.0,127.92
1352,461,9,1,1449.0,57.96
1353,462,26,1,45.0,3.6
1354,462,54,3,35.99,2.88
1356,462,30,4,160.0,24.0
1357,462,46,2,349.0,27.92
1358,463,3,3,999.0,79.92
1359,463,51,2,54.99,6.6
1360,463,43,4,15.99,0.8
1361,463,16,2,2499.0,0.0
1362,463,25,3,78.0,9.36
1363,464,53,4,199.0,29.85
1364,464,26,2,45.0,3.6
1365,464,55,2,469.99,23.5
1366,464,43,3,15.99,0.8
1367,464,20,2,98.0,14.7
1368,465,2,4,1299.0,64.95
1369,466,42,3,12.99,0.0
1370,466,2,3,1299.0,64.95
1371,466,32,3,199.0,39.8
1372,467,54,3,35.99,2.88
1373,467,47,4,120.0,6.0
1374,467,56,4,199.99,20.0
1375,467,16,1,2499.0,0.0
1376,468,55,4,469.99,23.5
1377,469,45,2,2495.0,0.0
1378,469,23,2,183.12,6.4
1379,469,34,1,99.95,21.99
1380,469,1,1,1199.0,35.97
1381,470,23,3,128.0,6.4
1382,471,43,2,15.99,0.8
1383,471,28,3,190.0,15.2
1384,471,35,3,199.0,29.85
1385,471,37,3,699.0,34.95
1386,471,14,1,179.0,8.95
1387,472,31,1,429.0,12.87
1388,473,1,4,1199.0,35.97
1389,474,52,2,17.99,0.9
1390,475,5,4,1099.0,21.98
1391,476,15,2,449.0,0.0
1392,476,52,4,20.54,0.9
1393,476,36,3,449.0,44.9
1394,476,25,1,78.0,9.36
1395,476,42,4,12.99,0.0
1396,477,37,4,699.0,34.95
1397,477,18,3,399.0,39.9
1398,477,54,4,35.99,2.88
1399,477,32,1,199.0,39.8
1400,477,31,1,429.0,12.87
1401,478,54,-1,35.99,2.88
1402,479,56,1,199.99,20.0
1403,479,50,2,345.0,0.0
1404,479,25,4,78.0,9.36
1405,479,23,1,128.0,6.4
1406,480,22,4,79.0,14.22
1407,480,45,2,2495.0,0.0
1408,480,30,2,160.0,24.0
1409,480,56,2,199.99,20.0
1410,481,52,1,17.99,0.9
1411,481,18,4,399.0,39.9
1412,481,44,2,13.99,0.0
1413,481,9,4,1449.0,57.96
1414,482,41,1,21.08,0.0
1415,482,35,2,199.0,29.85
1416,483,50,1,345.0,0.0
1417,483,12,4,249.0,19.92
1418,483,36,4,449.0,44.9
1419,483,36,1,449.0,44.9
1420,483,23,2,128.0,6.4
1421,484,6,3,1999.0,0.0
1422,485,30,1,160.0,24.0
1423,485,46,3,349.0,27.92
1424,485,34,1,99.95,21.99
1426,487,8,-1,1349.0,94.43
1428,487,55,3,469.99,23.5
1429,488,32,4,199.0,39.8
1430,488,39,1,329.0,0.0
1431,489,15,1,449.0,0.0
1432,489,33,3,249.0,0.0
1433,490,11,2,349.0,41.88
1434,490,24,2,49.99,12.5
1435,490,44,2,13.99,0.0
1436,490,1,2,1199.0,35.97
1437,491,51,2,54.99,6.6
1438,491,52,1,17.99,0.9
1440,491,34,3,99.95,21.99
1441,491,45,4,2495.0,0.0
1442,492,13,4,329.0,49.35
1444,492,8,2,1349.0,94.43
1445,492,3,3,999.0,79.92
1447,493,36,0,449.0,44.9
1448,494,4,4,799.0,79.9
1449,494,16,4,2499.0,0.0
1450,494,24,4,49.99,12.5
1451,494,44,3,13.99,0.0
1452,495,34,0,99.95,21.99
1453,495,32,-1,199.0,39.8
1454,495,42,1,12.99,0.0
1455,495,23,1,128.0,6.4
1456,496,35,4,199.0,29.85
1457,496,12,4,249.0,19.92
1458,497,16,1,2499.0,0.0
1459,497,46,2,349.0,27.92
1460,497,3,4,999.0,79.92
1461,498,22,1,67.75,14.22
1462,498,47,1,120.0,6.0
1463,498,31,2,429.0,12.87
1464,499,46,2,349.0,27.92
1465,499,15,4,449.0,0.0
1466,500,3,3,999.0,79.92
1467,500,54,2,35.99,2.88
1468,500,38,2,179.0,21.48
1469,500,37,4,699.0,34.95
1470,501,52,4,17.99,0.9
1471,501,46,1,349.0,27.92
1472,501,1,3,1199.0,35.97
1474,502,28,3,190.0,15.2
1475,502,11,3,349.0,41.88
1477,503,17,2,2499.0,0.0
1478,503,42,3,12.99,0.0
1479,503,11,2,349.0,41.88
1480,503,12,3,249.0,19.92
1481,503,11,3,349.0,41.88
1483,504,41,1,14.99,0.0
1484,504,32,3,199.0,39.8
1485,504,5,3,1099.0,21.98
1486,505,49,4,599.0,0.0
1487,505,28,2,190.0,15.2
1488,505,14,1,179.0,8.95
1489,506,12,1,249.0,19.92
1490,506,25,4,78.0,9.36
1491,506,47,2,120.0,6.0
1493,507,14,1,179.0,8.95
1494,507,22,3,79.0,14.22
1495,508,9,2,1449.0,57.96
1496,508,9,2,1449.0,57.96
1497,509,8,3,1349.0,94.43
1498,509,3,3,999.0,79.92
1499,510,32,1,199.0,39.8
1500,510,49,1,599.0,0.0
1501,510,12,4,249.0,19.92
1502,510,3,2,999.0,79.92
1503,511,3,3,999.0,79.92
1504,512,7,3,1799.0,89.95
1505,512,36,4,306.29,44.9
1506,512,14,3,179.0,8.95
1507,512,40,4,1599.0,127.92
1508,512,31,4,429.0,12.87
1509,513,14,1,179.0,8.95
1510,513,37,3,699.0,34.95
1511,513,8,2,1349.0,94.43
1512,513,3,2,999.0,79.92
1513,513,21,4,35.0,3.5
1514,514,13,2,329.0,49.35
1515,514,39,4,329.0,0.0
1516,515,24,3,49.99,12.5
1517,515,46,4,349.0,27.92
1518,515,17,4,2499.0,0.0
1519,515,51,3,54.99,6.6
1520,515,5,1,1099.0,21.98
1521,516,22,4,79.0,14.22
1522,516,22,4,79.0,14.22
1523,516,20,2,98.0,14.7
1524,516,50,3,345.0,0.0
1525,517,28,1,190.0,15.2
1526,517,33,1,249.0,0.0
1527,517,56,1,199.99,20.0
1529,517,16,3,2499.0,0.0
1530,518,15,4,449.0,0.0
1531,518,29,2,99.99,5.0
1532,518,56,2,199.99,20.0
1533,518,55,3,469.99,23.5
1534,519,9,3,1449.0,57.96
1535,519,52,4,17.99,0.9
1536,519,53,4,199.0,29.85
1537,520,7,2,1799.0,89.95
1538,520,17,2,2499.0,0.0
1539,520,11,1,326.43,41.88
1540,520,16,3,2499.0,0.0
1541,520,5,1,1099.0,21.98
1542,521,43,3,14.22,0.8
1543,521,20,2,98.0,14.7
1544,522,13,4,329.0,49.35
1545,522,16,2,2499.0,0.0
1546,522,25,4,78.0,9.36
1547,523,5,1,1099.0,21.98
1548,523,35,3,199.0,29.85
1549,524,14,1,179.0,8.95
1550,524,42,3,12.99,0.0
1551,524,41,3,14.99,0.0
1552,525,26,3,45.0,3.6
1553,525,20,3,98.0,14.7
1554,526,44,2,13.99,0.0
1555,526,46,4,349.0,27.92
1559,528,21,3,35.0,3.5
1560,529,29,3,99.99,5.0
1561,530,42,3,12.99,0.0
1562,530,9,4,1449.0,57.96
1563,531,11,4,349.0,41.88
1564,531,17,3,2499.0,0.0
1565,531,50,4,345.0,0.0
1566,532,25,-1,78.0,9.36
1567,532,14,2,179.0,8.95
1568,533,9,-1,1449.0,57.96
1569,533,56,4,199.99,20.0
1571,533,28,1,190.0,15.2
1572,533,38,3,179.0,21.48
1573,534,54,2,35.99,2.88
1574,534,20,1,98.0,14.7
1575,535,40,2,1599.0,127.92
1576,535,29,1,99.99,5.0
1577,535,37,1,699.0,34.95
1578,536,48,1,149.99,15.0
1579,536,54,2,35.99,2.88
1580,536,41,3,14.99,0.0
1581,536,41,2,14.99,0.0
1582,537,16,3,2499.0,0.0
1583,537,44,3,13.99,0.0
1584,538,38,4,179.0,21.48
1585,538,43,4,15.99,0.8
1586,538,29,-1,99.99,5.0
1587,538,9,4,1449.0,57.96
1588,538,20,3,98.0,14.7
1589,539,2,4,1299.0,64.95
1590,539,44,3,13.99,0.0
1591,540,10,1,1249.0,74.94
1592,540,49,1,599.0,0.0
1594,540,41,4,14.99,0.0
1595,541,30,3,160.0,24.0
1596,542,29,1,99.99,5.0
1597,542,1,2,1199.0,35.97
1598,543,51,4,54.99,6.6
1599,544,52,2,17.99,0.9
1600,544,56,1,199.99,20.0
1601,544,33,1,249.0,0.0
1602,544,46,3,349.0,27.92
1603,545,55,3,469.99,23.5
1604,545,51,2,54.99,6.6
1605,545,34,1,99.95,21.99
1606,545,46,4,349.0,27.92
1607,546,11,1,349.0,41.88
1608,546,39,1,329.0,0.0
1609,547,44,1,13.99,0.0
1610,547,53,1,199.0,29.85
1611,547,24,2,49.99,12.5
1612,548,33,1,249.0,0.0
1613,548,9,2,1449.0,57.96
1614,549,26,1,45.0,3.6
1615,549,34,3,99.95,21.99
1616,549,6,1,1999.0,0.0
1617,549,32,4,199.0,39.8
1618,550,31,2,429.0,12.87
1619,550,34,2,99.95,21.99
1620,550,54,2,35.99,2.88
1621,551,2,3,1299.0,64.95
1622,551,38,3,179.0,21.48
1623,552,49,1,599.0,0.0
1624,553,15,-1,449.0,0.0
1625,553,6,1,1999.0,0.0
1626,553,55,-1,469.99,23.5
1627,553,44,4,13.99,0.0
1628,553,35,2,199.0,29.85
1629,554,34,3,99.95,21.99
1630,554,35,4,199.0,29.85
1631,555,4,3,799.0,79.9
1632,555,30,2,160.0,24.0
1633,555,42,4,12.99,0.0
1634,556,38,3,179.0,21.48
1635,556,5,1,1099.0,21.98
1636,556,53,4,199.0,29.85
1637,557,51,2,54.99,6.6
1638,557,49,1,599.0,0.0
1639,557,24,4,49.99,12.5
1640,558,23,4,128.0,6.4
1641,558,26,4,45.0,3.6
1642,558,8,1,1379.1,94.43
1643,558,43,1,15.99,0.8
1644,559,37,4,699.0,34.95
1646,559,6,3,1999.0,0.0
1647,560,23,3,128.0,6.4
1648,560,44,2,13.99,0.0
1649,561,38,4,179.0,21.48
1650,561,45,1,2495.0,0.0
1651,562,1,1,1199.0,35.97
1653,563,7,3,2400.03,89.95
1654,564,36,4,449.0,44.9
1655,564,21,1,35.0,3.5
1656,564,18,4,399.0,39.9
1657,564,37,1,699.0,34.95
1658,565,49,2,599.0,0.0
1660,565,30,4,160.0,24.0
1661,565,46,3,349.0,27.92
1662,565,23,3,128.0,6.4
1663,566,43,3,15.99,0.8
1664,567,49,4,599.0,0.0
1665,567,22,3,79.0,14.22
1666,567,35,1,199.0,29.85
1667,567,35,4,199.0,29.85
1668,568,15,1,449.0,0.0
1669,569,54,1,35.99,2.88
1670,569,40,3,1599.0,127.92
1671,569,49,1,599.0,0.0
1672,570,35,4,199.0,29.85
1673,570,49,2,599.0,0.0
1674,570,4,1,799.0,79.9
1675,570,33,3,249.0,0.0
1676,571,56,3,199.99,20.0
1677,572,52,2,20.16,0.9
1678,572,45,3,2495.0,0.0
1679,572,24,1,49.99,12.5
1680,572,47,2,120.0,6.0
1681,573,3,2,999.0,79.92
1682,573,45,3,2495.0,0.0
1683,573,18,1,399.0,39.9
1684,573,16,1,2499.0,0.0
1685,573,24,4,49.99,12.5
1686,574,29,3,99.99,5.0
1687,575,21,2,35.0,3.5
1688,576,45,1,2495.0,0.0
1689,576,14,2,179.0,8.95
1690,576,50,2,345.0,0.0
1692,577,21,2,35.0,3.5
1694,577,47,1,120.0,6.0
1696,577,24,4,49.99,12.5
1697,578,9,4,1449.0,57.96
1698,578,42,3,12.99,0.0
1699,578,14,3,179.0,8.95
1700,579,41,1,14.99,0.0
1701,579,20,4,98.0,14.7
1702,579,5,1,1099.0,21.98
1703,580,32,4,199.0,39.8
1704,580,43,4,15.99,0.8
1705,581,22,1,79.0,14.22
1706,582,12,2,249.0,19.92
1707,582,6,4,1999.0,0.0
1708,582,5,3,1099.0,21.98
1709,582,41,4,14.99,0.0
1710,583,28,3,190.0,15.2
1712,583,23,2,128.0,6.4
1713,583,45,3,2495.0,0.0
1714,583,48,2,149.99,15.0
1715,584,24,4,49.99,12.5
1717,584,11,4,349.0,41.88
1718,584,4,2,799.0,79.9
1719,584,49,3,599.0,0.0
1720,585,44,4,13.99,0.0
1721,585,15,1,449.0,0.0
1722,585,51,2,54.99,6.6
1724,586,34,4,99.95,21.99
1725,586,33,3,249.0,0.0
1726,586,13,4,329.0,49.35
1727,586,40,3,1599.0,127.92
1728,586,4,4,799.0,79.9
1729,587,4,4,799.0,79.9
1730,587,22,4,79.0,14.22
1731,588,6,2,1999.0,0.0
1732,588,3,2,999.0,79.92
1733,589,34,1,99.95,21.99
1734,589,5,3,1099.0,21.98
1735,589,6,2,1999.0,0.0
1736,589,46,4,441.97,27.92
1737,589,56,4,199.99,20.0
1738,590,12,2,249.0,19.92
1739,590,56,4,199.99,20.0
1740,591,35,3,199.0,29.85
1741,591,53,2,199.0,29.85
1742,591,23,3,128.0,6.4
1743,592,48,3,149.99,15.0
1744,593,49,3,599.0,0.0
1745,593,14,1,179.0,8.95
1746,593,24,2,49.99,12.5
1747,594,18,1,399.0,39.9
1748,595,29,1,99.99,5.0
1749,595,47,2,120.0,6.0
1750,595,20,4,98.0,14.7
1751,595,54,1,35.99,2.88
1752,596,14,1,179.0,8.95
1753,596,21,4,35.0,3.5
1755,596,1,2,1199.0,35.97
1756,597,25,2,78.0,9.36
1757,597,12,4,249.0,19.92
1758,598,12,2,249.0,19.92
1759,599,2,4,1299.0,64.95
1760,599,46,3,349.0,27.92
1761,599,21,1,35.0,3.5
1762,599,43,3,15.99,0.8
1763,599,10,2,1249.0,74.94
1765,601,12,2,249.0,19.92
1766,601,35,2,199.0,29.85
1767,602,34,1,99.95,21.99
1768,602,55,1,469.99,23.5
1769,602,52,4,17.99,0.9
1770,602,8,4,1349.0,94.43
1771,602,48,4,149.99,15.0
1772,603,50,1,345.0,0.0
1773,603,16,3,2499.0,0.0
1774,603,26,2,45.0,3.6
1775,603,45,3,2495.0,0.0
1776,604,39,3,329.0,0.0
1777,604,25,4,78.0,9.36
1778,604,46,3,349.0,27.92
1779,604,33,-1,298.2,0.0
1780,605,49,4,599.0,0.0
1781,605,2,4,1299.0,64.95
1782,606,55,2,469.99,23.5
1783,606,47,2,120.0,6.0
1784,606,8,3,1349.0,94.43
1785,607,53,4,169.45,29.85
1786,607,6,1,1999.0,0.0
1787,607,39,2,329.0,0.0
1788,607,43,1,15.99,0.8
1789,608,15,1,449.0,0.0
1790,608,34,1,99.95,21.99
1791,608,30,3,160.0,24.0
1792,608,15,2,449.0,0.0
1794,609,41,1,14.99,0.0
1795,609,55,1,469.99,23.5
1796,610,48,3,149.99,15.0
1797,610,29,2,99.99,5.0
1798,610,28,3,190.0,15.2
1799,610,37,4,699.0,34.95
1800,611,10,4,1249.0,74.94
1801,611,50,1,345.0,0.0
1802,611,53,4,199.0,29.85
1803,611,7,1,1799.0,89.95
1804,611,56,1,199.99,20.0
1805,612,24,2,49.99,12.5
1806,612,25,2,78.0,9.36
1807,613,41,4,14.99,0.0
1808,613,31,3,429.0,12.87
1809,613,43,3,15.99,0.8
1810,613,11,2,349.0,41.88
1811,613,37,2,699.0,34.95
1812,614,52,3,17.99,0.9
1813,614,24,4,49.99,12.5
1814,615,47,1,120.0,6.0
1815,616,16,1,2499.0,0.0
1816,616,11,4,349.0,41.88
1818,616,33,1,249.0,0.0
1819,616,32,4,199.0,39.8
1820,617,32,2,199.0,39.8
1821,618,7,4,1799.0,89.95
1822,618,2,1,1299.0,64.95
1823,618,4,2,1131.15,79.9
1824,619,6,2,1999.0,0.0
1825,620,56,1,199.99,20.0
1827,620,5,3,1099.0,21.98
1828,620,41,2,14.99,0.0
1829,620,20,4,98.0,14.7
1830,621,33,4,249.0,0.0
1831,621,39,1,329.0,0.0
1832,621,9,4,1449.0,57.96
1833,622,25,1,78.0,9.36
1834,622,25,2,78.0,9.36
1835,622,44,4,13.99,0.0
1837,622,39,4,329.0,0.0
1838,623,2,1,1299.0,64.95
1839,623,9,2,1449.0,57.96
1840,623,15,2,449.0,0.0
1841,623,47,2,120.0,6.0
1842,623,4,4,799.0,79.9
1843,624,1,3,1199.0,35.97
1844,624,9,-1,1449.0,57.96
1845,624,44,2,13.99,0.0
1846,624,46,2,349.0,27.92
1847,625,26,2,45.0,3.6
1848,625,3,4,999.0,79.92
1849,625,39,1,329.0,0.0
1850,625,48,3,149.99,15.0
1851,626,20,0,98.0,14.7
1852,626,26,4,45.0,3.6
1853,626,40,3,1599.0,127.92
1854,626,54,1,35.99,2.88
1855,627,30,2,160.0,24.0
1856,627,32,1,199.0,39.8
1857,627,56,4,199.99,20.0
1858,627,33,4,249.0,0.0
1859,628,37,2,699.0,34.95
1860,628,56,1,199.99,20.0
1861,628,42,4,12.99,0.0
1862,628,56,1,199.99,20.0
1863,628,46,3,349.0,27.92
1864,629,21,1,35.0,3.5
1865,629,22,3,79.0,14.22
1866,629,40,1,1599.0,127.92
1867,630,13,2,329.0,49.35
1868,630,4,4,799.0,79.9
1869,630,21,1,35.0,3.5
1870,630,17,4,2499.0,0.0
1871,631,32,1,199.0,39.8
1872,631,10,3,1249.0,74.94
1873,631,38,1,179.0,21.48
1874,631,2,3,1299.0,64.95
1875,632,3,4,999.0,79.92
1876,632,47,4,120.0,6.0
1877,632,6,1,1999.0,0.0
1878,633,50,3,345.0,0.0
1879,633,46,1,349.0,27.92
1880,633,2,3,1299.0,64.95
1881,633,16,2,2499.0,0.0
1882,634,15,2,449.0,0.0
1883,634,8,2,1349.0,94.43
1884,634,50,0,345.0,0.0
1885,634,35,1,199.0,29.85
1886,634,18,3,399.0,39.9
1887,635,44,0,13.99,0.0
1888,636,56,2,199.99,20.0
1889,636,16,2,2499.0,0.0
1890,636,11,4,349.0,41.88
1891,636,41,1,14.99,0.0
1892,636,37,3,699.0,34.95
1893,637,36,2,449.0,44.9
1894,637,9,3,1449.0,57.96
1895,637,13,4,329.0,49.35
1896,637,42,3,12.99,0.0
1897,638,15,2,449.0,0.0
1898,638,17,2,2499.0,0.0
1899,638,14,4,179.0,8.95
1900,638,22,2,79.0,14.22
1901,639,23,1,128.0,6.4
1902,639,20,2,98.0,14.7
1903,639,43,1,15.99,0.8
1904,639,38,2,179.0,21.48
1905,640,18,3,399.0,39.9
1906,640,49,4,599.0,0.0
1907,641,51,1,54.99,6.6
1908,641,12,-1,249.0,19.92
1909,641,12,1,249.0,19.92
1910,641,17,3,2499.0,0.0
1911,641,9,4,1449.0,57.96
1912,642,1,3,1199.0,35.97
1913,642,36,1,449.0,44.9
1914,643,39,2,329.0,0.0
1915,644,1,3,1199.0,35.97
1916,645,6,2,1999.0,0.0
1918,645,11,2,349.0,41.88
1919,645,54,4,35.99,2.88
1920,645,16,3,2499.0,0.0
1921,646,11,4,349.0,41.88
1922,646,36,1,440.55,44.9
1923,647,7,4,1799.0,89.95
1924,647,10,3,1249.0,74.94
1925,647,38,3,179.0,21.48
1926,647,8,3,1349.0,94.43
1927,647,25,1,78.0,9.36
1928,648,37,3,699.0,34.95
1929,648,38,1,179.0,21.48
1930,648,16,4,2499.0,0.0
1931,649,49,1,599.0,0.0
1932,650,18,2,399.0,39.9
1933,650,35,4,199.0,29.85
1934,651,52,3,17.99,0.9
1935,651,52,4,17.99,0.9
1936,652,4,1,799.0,79.9
1937,652,46,1,349.0,27.92
1938,652,23,2,128.0,6.4
1939,652,22,1,79.0,14.22
1941,653,15,4,449.0,0.0
1942,653,8,1,1349.0,94.43
1943,653,22,3,79.0,14.22
1944,654,21,3,35.0,3.5
1945,654,20,1,98.0,14.7
1946,654,2,1,1299.0,64.95
1947,654,7,1,1799.0,89.95
1948,655,16,2,2499.0,0.0
1949,655,47,3,120.0,6.0
1950,655,42,4,12.99,0.0
1951,656,39,1,329.0,0.0
1952,656,51,1,54.99,6.6
1953,656,17,2,2499.0,0.0
1954,656,3,-1,999.0,79.92
1955,657,6,2,1999.0,0.0
1958,657,37,1,699.0,34.95
1959,657,25,4,78.0,9.36
1960,658,2,3,1299.0,64.95
1961,659,47,4,120.0,6.0
1962,659,13,2,329.0,49.35
1963,660,17,2,2499.0,0.0
1964,660,50,4,345.0,0.0
1965,660,52,4,17.99,0.9
1966,661,39,4,329.0,0.0
1967,662,8,4,1349.0,94.43
1968,662,22,1,79.0,14.22
1969,662,11,4,349.0,41.88
1970,662,2,4,1299.0,64.95
1972,663,52,3,17.99,0.9
1973,663,22,3,79.0,14.22
1974,664,43,3,15.99,0.8
1975,664,40,1,1599.0,127.92
1976,664,2,1,1299.0,64.95
1977,664,28,2,190.0,15.2
1978,664,23,2,128.0,6.4
1979,665,51,1,54.99,6.6
1980,665,45,2,2495.0,0.0
1982,666,23,1,128.0,6.4
1983,667,29,2,99.99,5.0
1984,667,48,1,149.99,15.0
1985,667,49,4,599.0,0.0
1986,667,23,-1,128.0,6.4
1987,668,12,4,249.0,19.92
1988,668,51,4,54.99,6.6
1989,668,53,4,199.0,29.85
1990,668,54,2,35.99,2.88
1991,669,4,2,799.0,79.9
1992,670,31,3,429.0,12.87
1993,670,46,3,349.0,27.92
1994,670,45,2,2495.0,0.0
1995,670,36,4,449.0,44.9
1996,671,16,4,2499.0,0.0
1997,671,56,4,199.99,20.0
1998,672,13,2,329.0,49.35
1999,672,49,1,599.0,0.0
2000,672,54,3,35.99,2.88
2001,672,9,3,1449.0,57.96
2003,673,20,3,98.0,14.7
2004,674,48,4,149.99,15.0
2006,674,15,3,449.0,0.0
2007,674,41,4,14.99,0.0
2008,675,14,1,179.0,8.95
2009,675,15,4,449.0,0.0
2010,676,48,3,149.99,15.0
2011,676,48,2,149.99,15.0
2012,677,11,4,349.0,41.88
2013,677,44,2,13.99,0.0
2014,677,9,1,1449.0,57.96
2015,677,6,4,1999.0,0.0
2016,677,3,1,999.0,79.92
2017,678,26,1,45.0,3.6
2018,678,38,3,179.0,21.48
2019,678,23,1,128.0,6.4
2020,679,9,4,1449.0,57.96
2021,679,12,1,249.0,19.92
2022,680,35,1,199.0,29.85
2023,680,28,3,190.0,15.2
2024,680,23,2,128.0,6.4
2025,680,11,3,349.0,41.88
2026,680,44,1,13.99,0.0
2027,681,35,1,199.0,29.85
2028,681,44,3,13.99,0.0
2029,681,43,3,15.99,0.8
2030,681,40,3,1599.0,127.92
2031,682,30,2,160.0,24.0
2032,682,4,4,799.0,79.9
2033,682,35,2,199.0,29.85
2034,683,14,3,179.0,8.95
2035,683,10,3,1249.0,74.94
2036,684,53,4,199.0,29.85
2037,685,44,4,13.99,0.0
2038,685,17,4,2499.0,0.0
2039,685,14,1,179.0,8.95
2040,685,13,2,329.0,49.35
2042,686,20,3,98.0,14.7
2043,686,7,1,1799.0,89.95
2044,686,50,4,345.0,0.0
2045,686,11,4,349.0,41.88
2046,686,8,3,1349.0,94.43
2047,687,46,3,349.0,27.92
2048,688,17,4,2499.0,0.0
2049,688,22,1,79.0,14.22
2050,688,44,3,13.99,0.0
2051,689,39,2,329.0,0.0
2052,689,37,2,699.0,34.95
2053,689,20,1,98.0,14.7
2054,690,53,4,199.0,29.85
2055,691,46,4,349.0,27.92
2056,691,39,4,329.0,0.0
2058,691,6,2,1999.0,0.0
2059,692,17,2,2499.0,0.0
2060,692,4,4,799.0,79.9
2061,693,41,1,14.99,0.0
2062,693,17,3,3401.09,0.0
2063,694,21,2,35.0,3.5
2065,694,39,3,329.0,0.0
2066,695,4,4,799.0,79.9
2067,695,37,2,699.0,34.95
2068,695,41,4,14.99,0.0
2069,695,26,3,45.0,3.6
2070,696,20,2,98.0,14.7
2071,696,7,3,1799.0,89.95
2072,696,15,4,449.0,0.0
2073,697,2,1,1299.0,64.95
2074,697,4,2,799.0,79.9
2075,698,37,2,699.0,34.95
2076,698,6,1,1999.0,0.0
2077,698,50,1,345.0,0.0
2078,698,36,4,449.0,44.9
2079,699,7,0,1799.0,89.95
2080,699,30,4,160.0,24.0
2081,699,45,4,2495.0,0.0
2082,699,42,2,12.99,0.0
2083,700,34,3,99.95,21.99
2084,700,16,2,2499.0,0.0
2085,700,31,1,429.0,12.87
2086,700,12,3,249.0,19.92
2087,700,54,4,35.99,2.88
2088,701,48,4,149.99,15.0
2089,701,44,4,13.99,0.0
2090,701,46,1,349.0,27.92
2091,701,24,2,49.99,12.5
2092,702,32,2,199.0,39.8
2093,702,12,3,249.0,19.92
2094,702,52,2,17.99,0.9
2095,703,5,1,1099.0,21.98
2096,703,30,3,160.0,24.0
2097,703,31,4,429.0,12.87
2098,704,50,1,345.0,0.0
2099,704,35,2,199.0,29.85
2100,705,48,4,149.99,15.0
2101,706,18,2,399.0,39.9
2102,706,20,4,98.0,14.7
2103,706,21,3,35.0,3.5
2104,706,1,4,1199.0,35.97
2105,707,45,1,2495.0,0.0
2107,708,38,4,179.0,21.48
2108,708,42,1,12.99,0.0
2109,709,33,1,249.0,0.0
2110,709,10,4,1249.0,74.94
2111,709,46,3,349.0,27.92
2113,709,16,4,3147.31,0.0
2115,711,44,2,13.99,0.0
2116,712,9,3,1449.0,57.96
2117,712,10,2,1249.0,74.94
2118,712,40,1,1599.0,127.92
2119,712,50,2,345.0,0.0
2120,712,20,3,98.0,14.7
2121,713,34,2,99.95,21.99
2122,714,38,3,179.0,21.48
2123,714,44,2,13.99,0.0
2124,714,55,4,469.99,23.5
2125,714,46,1,349.0,27.92
2126,714,8,2,1349.0,94.43
2127,715,6,3,1999.0,0.0
2128,715,10,4,1249.0,74.94
2129,716,44,4,13.99,0.0
2130,716,22,4,79.0,14.22
2131,716,24,1,49.99,12.5
2132,716,15,2,449.0,0.0
2133,716,26,1,45.0,3.6
2134,717,32,2,199.0,39.8
2135,717,33,3,249.0,0.0
2136,717,47,3,120.0,6.0
2137,717,33,2,249.0,0.0
2138,718,47,3,120.0,6.0
2139,718,44,4,13.99,0.0
2140,718,48,1,149.99,15.0
2141,718,26,2,45.0,3.6
2142,718,11,2,349.0,41.88
2143,719,46,2,349.0,27.92
2144,719,47,1,120.0,6.0
2145,719,26,4,45.0,3.6
2147,720,51,1,54.99,6.6
2148,720,41,4,14.99,0.0
2149,720,2,2,1299.0,64.95
2150,720,44,1,13.99,0.0
2151,720,35,4,199.0,29.85
2152,721,52,2,17.99,0.9
2153,722,13,3,329.0,49.35
2154,723,7,2,1799.0,89.95
2155,723,50,3,345.0,0.0
2156,724,7,4,1799.0,89.95
2157,724,9,2,1449.0,57.96
2158,724,40,2,1599.0,127.92
2159,724,55,4,469.99,23.5
2160,724,2,3,1299.0,64.95
2161,725,50,2,345.0,0.0
2162,726,35,4,199.0,29.85
2163,726,35,4,199.0,29.85
2164,726,5,1,1099.0,21.98
2165,727,29,2,99.99,5.0
2166,727,33,1,249.0,0.0
2167,728,2,2,1299.0,64.95
2168,728,12,4,249.0,19.92
2169,729,32,2,199.0,39.8
2170,729,5,4,1099.0,21.98
2171,730,49,3,599.0,0.0
2172,730,42,3,12.99,0.0
2173,730,26,3,45.0,3.6
2174,730,40,4,1599.0,127.92
2175,731,51,4,54.99,6.6
2176,731,11,2,349.0,41.88
2177,731,50,1,345.0,0.0
2178,731,35,1,199.0,29.85
2179,732,35,2,199.0,29.85
2180,732,11,4,349.0,41.88
2181,732,44,1,13.99,0.0
2182,732,6,2,1999.0,0.0
2183,733,42,3,12.99,0.0
2185,733,46,2,349.0,27.92
2186,734,53,1,199.0,29.85
2187,734,29,-1,99.99,5.0
2188,734,31,4,429.0,12.87
2189,734,6,2,1999.0,0.0
2190,735,2,4,1299.0,64.95
2191,735,12,1,249.0,19.92
2192,736,52,1,17.99,0.9
2193,736,25,2,78.0,9.36
2194,736,13,2,329.0,49.35
2196,737,33,3,249.0,0.0
2197,737,45,2,2495.0,0.0
2198,738,35,2,199.0,29.85
2199,739,26,4,45.0,3.6
2200,739,13,1,329.0,49.35
2201,739,14,4,179.0,8.95
2202,739,35,3,199.0,29.85
2203,739,48,4,149.99,15.0
2204,740,53,3,199.0,29.85
2205,740,40,4,1599.0,127.92
2206,740,17,1,2499.0,0.0
2207,741,55,2,469.99,23.5
2208,741,30,3,160.0,24.0
2209,741,40,4,1599.0,127.92
2210,741,47,3,120.0,6.0
2211,741,46,1,349.0,27.92
2212,742,18,3,399.0,39.9
2213,742,1,2,1199.0,35.97
2214,742,17,4,2499.0,0.0
2215,743,34,2,99.95,21.99
2216,743,13,1,329.0,49.35
2217,743,20,1,98.0,14.7
2218,743,14,4,179.0,8.95
2219,744,18,1,399.0,39.9
2220,744,20,3,98.0,14.7
2221,744,40,3,1599.0,127.92
2222,744,18,3,399.0,39.9
2223,745,15,3,449.0,0.0
2224,745,15,3,449.0,0.0
2225,745,33,4,249.0,0.0
2227,745,55,3,469.99,23.5
2228,746,6,4,1999.0,0.0
2229,746,35,3,199.0,29.85
2230,747,29,4,99.99,5.0
2231,747,46,4,349.0,27.92
2232,747,31,4,429.0,12.87
2233,748,33,1,249.0,0.0
2234,748,49,4,599.0,0.0
2235,748,6,4,1999.0,0.0
2236,748,30,3,160.0,24.0
2237,749,50,3,345.0,0.0
2238,749,35,3,199.0,29.85
2239,749,11,4,349.0,41.88
2240,749,53,3,199.0,29.85
2241,749,42,3,12.99,0.0
2242,750,37,1,699.0,34.95
2243,750,38,2,179.0,21.48
2244,750,7,4,1799.0,89.95
2245,750,3,4,999.0,79.92
2246,750,56,2,199.99,20.0
2247,751,34,2,99.95,21.99
2248,751,16,2,2499.0,0.0
2249,751,11,2,349.0,41.88
2250,751,21,2,35.0,3.5
2251,751,3,1,519.07,79.92
2252,752,48,4,182.62,15.0
2253,752,53,4,199.0,29.85
2254,753,26,2,45.0,3.6
2255,754,56,3,199.99,20.0
2256,754,9,1,1449.0,57.96
2257,755,11,4,349.0,41.88
2258,755,8,4,1349.0,94.43
2259,755,34,1,99.95,21.99
2260,755,44,1,13.99,0.0
2261,755,26,1,45.0,3.6
2262,756,8,4,1349.0,94.43
2263,756,13,1,329.0,49.35
2264,756,55,2,469.99,23.5
2266,756,23,1,128.0,6.4
2267,757,34,2,99.95,21.99
2268,757,13,2,329.0,49.35
2269,757,45,4,2495.0,0.0
2270,757,2,1,1299.0,64.95
2271,758,17,3,2499.0,0.0
2272,759,1,1,1199.0,35.97
2273,759,4,3,799.0,79.9
2274,760,37,1,375.77,34.95
2276,760,16,4,2499.0,0.0
2277,760,7,1,1799.0,89.95
2278,760,10,1,1249.0,74.94
2279,761,12,3,249.0,19.92
2280,761,25,2,78.0,9.36
2281,761,52,3,17.99,0.9
2282,762,32,2,199.0,39.8
2283,762,42,4,11.43,0.0
2284,762,44,4,13.99,0.0
2285,762,50,2,345.0,0.0
2286,763,6,4,1999.0,0.0
2288,763,26,2,45.0,3.6
2289,764,11,4,349.0,41.88
2290,764,53,4,199.0,29.85
2291,764,56,2,199.99,20.0
2294,765,4,3,799.0,79.9
2295,765,11,1,349.0,41.88
2296,765,8,1,1349.0,94.43
2297,765,3,1,999.0,79.92
2298,765,3,4,999.0,79.92
2299,766,33,3,249.0,0.0
2300,766,10,2,1249.0,74.94
2301,766,30,3,160.0,24.0
2302,766,10,2,1249.0,74.94
2303,767,9,4,1449.0,57.96
2304,767,49,2,599.0,0.0
2305,767,12,2,249.0,19.92
2306,768,45,3,2495.0,0.0
2307,769,30,4,160.0,24.0
2308,769,38,2,179.0,21.48
2309,769,15,1,449.0,0.0
2310,770,13,3,329.0,49.35
2311,770,56,4,199.99,20.0
2312,770,52,4,17.99,0.9
2313,770,55,1,469.99,23.5
2314,771,41,2,14.99,0.0
2315,772,18,3,399.0,39.9
2317,773,26,1,45.0,3.6
2318,774,3,4,999.0,79.92
2319,775,26,4,45.0,3.6
2320,775,5,4,1099.0,21.98
2321,775,1,1,1199.0,35.97
2322,775,23,4,128.0,6.4
2323,775,24,1,49.99,12.5
2324,776,1,3,1199.0,35.97
2325,776,36,2,449.0,44.9
2326,776,46,4,349.0,27.92
2327,776,12,4,249.0,19.92
2328,776,16,2,2499.0,0.0
2329,777,16,1,2499.0,0.0
2330,777,49,1,599.0,0.0
2331,778,29,2,99.99,5.0
2332,779,14,1,179.0,8.95
2333,779,30,1,160.0,24.0
2334,779,14,3,179.0,8.95
2335,779,13,1,329.0,49.35
2336,780,1,4,1199.0,35.97
2339,780,25,2,78.0,9.36
2340,781,6,3,1999.0,0.0
2342,782,49,3,599.0,0.0
2343,782,35,3,199.0,29.85
2344,782,25,1,78.0,9.36
2345,782,56,4,199.99,20.0
2346,783,17,3,2499.0,0.0
2347,783,26,4,45.0,3.6
2348,783,55,2,469.99,23.5
2349,784,7,1,1799.0,89.95
2350,784,47,3,120.0,6.0
2351,784,22,2,79.0,14.22
2352,784,34,4,99.95,21.99
2353,785,11,2,349.0,41.88
2354,785,2,2,1299.0,64.95
2355,786,41,1,14.99,0.0
2356,786,31,1,429.0,12.87
2357,786,47,3,120.0,6.0
2358,786,41,2,14.99,0.0
2359,787,14,3,179.0,8.95
2360,787,53,4,199.0,29.85
2361,788,23,1,128.0,6.4
2362,788,16,2,2499.0,0.0
2363,789,56,3,199.99,20.0
2364,789,39,4,329.0,0.0
2365,789,15,3,449.0,0.0
2366,789,39,4,329.0,0.0
2367,790,35,2,199.0,29.85
2368,790,26,4,45.0,3.6
2369,791,39,1,329.0,0.0
2370,792,39,4,329.0,0.0
2371,792,37,1,699.0,34.95
2372,792,56,4,199.99,20.0
2373,793,28,4,190.0,15.2
2374,793,2,4,1299.0,64.95
2375,794,24,4,49.99,12.5
2376,794,21,4,35.0,3.5
2377,794,46,2,349.0,27.92
2378,795,22,4,79.0,14.22
2379,796,6,2,1999.0,0.0
2380,796,20,3,98.0,14.7
2381,796,38,2,179.0,21.48
2382,796,7,3,1799.0,89.95
2383,797,41,2,14.99,0.0
2384,797,6,4,1999.0,0.0
2385,797,53,3,199.0,29.85
2386,798,13,0,329.0,49.35
2387,798,40,3,1599.0,127.92
2388,798,49,4,599.0,0.0
2389,798,44,1,13.99,0.0
2390,799,18,1,399.0,39.9
2391,799,55,3,469.99,23.5
2392,799,51,1,54.99,6.6
2393,799,20,2,98.0,14.7
2394,800,54,2,35.99,2.88
2395,800,37,2,699.0,34.95
2396,801,29,3,99.99,5.0
2397,801,2,3,1299.0,64.95
2398,801,54,1,35.99,2.88
2399,802,37,4,699.0,34.95
2400,802,22,-1,79.0,14.22
2401,802,4,3,799.0,79.9
2402,802,44,4,13.99,0.0
2403,802,54,4,35.99,2.88
2404,803,37,3,699.0,34.95
2405,803,43,1,15.99,0.8
2406,803,34,3,99.95,21.99
2407,804,3,3,999.0,79.92
2408,804,26,2,45.0,3.6
2409,804,51,2,54.99,6.6
2410,804,51,4,54.99,6.6
2411,805,54,3,35.99,2.88
2412,805,3,1,999.0,79.92
2413,806,18,2,399.0,39.9
2414,806,26,1,45.0,3.6
2415,806,49,4,599.0,0.0
2416,806,47,2,120.0,6.0
2417,806,14,1,179.0,8.95
2418,807,14,2,179.0,8.95
2419,807,45,4,2495.0,0.0
2420,807,51,3,54.99,6.6
2421,807,56,4,199.99,20.0
2422,807,29,1,99.99,5.0
2423,808,30,3,160.0,24.0
2424,809,22,3,79.0,14.22
2425,809,48,2,149.99,15.0
2426,809,14,2,179.0,8.95
2427,809,4,3,799.0,79.9
2428,810,36,2,449.0,44.9
2429,810,46,2,349.0,27.92
2430,810,13,3,329.0,49.35
2431,810,14,4,121.49,8.95
2432,810,9,2,1449.0,57.96
2433,811,48,3,157.84,15.0
2434,812,4,4,799.0,79.9
2435,812,15,2,449.0,0.0
2436,812,48,3,149.99,15.0
2437,813,6,2,1999.0,0.0
2438,813,16,2,2499.0,0.0
2439,814,45,4,2495.0,0.0
2442,815,40,3,1599.0,127.92
2443,815,12,2,249.0,19.92
2444,816,46,3,349.0,27.92
2445,816,10,1,1249.0,74.94
2446,816,51,1,54.99,6.6
2447,816,10,4,1249.0,74.94
2448,816,6,-1,1999.0,0.0
2449,817,17,2,2499.0,0.0
2450,817,20,1,98.0,14.7
2451,817,32,1,199.0,39.8
2452,818,4,1,799.0,79.9
2453,819,42,2,12.99,0.0
2454,819,16,3,2499.0,0.0
2455,819,55,3,469.99,23.5
2456,820,4,4,799.0,79.9
2457,821,36,4,449.0,44.9
2458,822,40,4,1599.0,127.92
2459,822,45,2,1672.0,0.0
2460,822,38,4,179.0,21.48
2461,822,6,3,1999.0,0.0
2462,822,23,2,128.0,6.4
2463,823,11,3,349.0,41.88
2464,823,33,1,249.0,0.0
2465,823,53,3,199.0,29.85
2466,823,20,3,74.41,14.7
2467,823,52,1,17.99,0.9
2468,824,36,4,449.0,44.9
2469,824,48,3,149.99,15.0
2470,824,42,1,12.99,0.0
2471,824,48,4,149.99,15.0
2472,825,13,3,329.0,49.35
2473,825,43,1,15.99,0.8
2474,826,55,2,469.99,23.5
2475,826,25,1,78.0,9.36
2476,826,20,1,98.0,14.7
2477,826,20,3,98.0,14.7
2479,827,43,3,15.99,0.8
2480,828,16,0,2499.0,0.0
2481,828,54,1,35.99,2.88
2482,828,37,3,699.0,34.95
2483,829,53,2,199.0,29.85
2484,829,26,3,45.0,3.6
2485,830,2,3,1299.0,64.95
2486,830,44,2,13.99,0.0
2487,830,50,3,345.0,0.0
2488,830,39,1,329.0,0.0
2489,830,17,1,2499.0,0.0
2490,831,1,4,1199.0,35.97
2491,832,7,1,1799.0,89.95
2492,833,52,2,17.99,0.9
2493,833,7,3,1799.0,89.95
2494,833,30,3,160.0,24.0
2495,833,53,4,199.0,29.85
2496,834,42,1,12.99,0.0
2497,835,55,1,469.99,23.5
2498,835,36,4,449.0,44.9
2499,835,32,3,199.0,39.8
2500,836,15,3,449.0,0.0
2501,836,11,4,349.0,41.88
2502,837,46,3,349.0,27.92
2505,837,54,1,35.99,2.88
2506,837,51,3,54.99,6.6
2508,839,33,2,249.0,0.0
2509,839,44,4,13.99,0.0
2510,839,1,2,1199.0,35.97
2511,839,51,1,54.99,6.6
2512,839,32,3,199.0,39.8
2513,840,55,4,469.99,23.5
2514,841,15,1,449.0,0.0
2515,841,31,3,429.0,12.87
2516,841,36,2,449.0,44.9
2517,842,30,1,160.0,24.0
2518,842,2,4,1299.0,64.95
2519,843,25,2,78.0,9.36
2520,843,34,4,99.95,21.99
2521,843,35,4,199.0,29.85
2522,844,49,2,599.0,0.0
2523,844,9,4,1449.0,57.96
2524,845,21,2,35.0,3.5
2525,845,47,2,120.0,6.0
2526,845,47,1,120.0,6.0
2527,845,43,2,15.99,0.8
2528,845,38,1,179.0,21.48
2529,846,56,1,199.99,20.0
2531,846,14,3,179.0,8.95
2532,846,11,3,349.0,41.88
2534,847,43,1,15.99,0.8
2535,847,9,2,1449.0,57.96
2536,847,54,4,35.99,2.88
2537,847,41,-1,14.99,0.0
2538,848,18,3,399.0,39.9
2539,848,38,2,179.0,21.48
2540,848,15,4,449.0,0.0
2541,848,13,3,329.0,49.35
2542,849,16,1,2499.0,0.0
2543,849,34,2,99.95,21.99
2544,849,26,2,45.0,3.6
2545,849,21,4,35.0,3.5
2546,850,32,2,199.0,39.8
2547,850,20,1,98.0,14.7
2548,850,50,1,345.0,0.0
2549,850,40,4,1599.0,127.92
2550,851,40,3,1599.0,127.92
2551,851,10,4,1249.0,74.94
2552,852,39,2,329.0,0.0
2553,852,5,1,1099.0,21.98
2554,852,45,4,2495.0,0.0
2555,852,52,1,17.99,0.9
2556,852,18,3,399.0,39.9
2557,853,38,4,179.0,21.48
2558,853,51,3,54.99,6.6
2559,853,15,1,449.0,0.0
2560,853,14,2,179.0,8.95
2561,854,33,4,249.0,0.0
2562,854,40,2,1599.0,127.92
2563,854,7,4,1799.0,89.95
2564,854,29,2,99.99,5.0
2565,855,30,2,160.0,24.0
2566,855,1,1,1199.0,35.97
2567,855,43,2,15.99,0.8
2568,855,55,1,469.99,23.5
2569,855,40,1,1599.0,127.92
2570,856,25,2,78.0,9.36
2571,856,53,4,199.0,29.85
2572,856,31,2,429.0,12.87
2573,856,1,0,1199.0,35.97
2574,856,33,2,249.0,0.0
2575,857,51,0,54.99,6.6
2576,857,32,4,199.0,39.8
2577,858,44,4,13.99,0.0
2579,858,36,1,449.0,44.9
2580,858,54,4,35.99,2.88
2581,858,45,3,2495.0,0.0
2582,859,32,1,199.0,39.8
2583,859,49,2,599.0,0.0
2584,859,40,1,1599.0,127.92
2585,860,37,3,699.0,34.95
2586,860,54,3,35.99,2.88
2587,860,44,4,13.99,0.0
2588,861,49,2,599.0,0.0
2589,862,38,4,179.0,21.48
2590,862,33,1,249.0,0.0
2591,863,47,1,120.0,6.0
2592,864,25,1,78.0,9.36
2593,864,45,4,2495.0,0.0
2594,864,22,3,79.0,14.22
2595,864,17,3,2499.0,0.0
2596,865,11,3,349.0,41.88
2597,866,6,2,1999.0,0.0
2598,867,7,4,1799.0,89.95
2600,867,12,4,249.0,19.92
2601,868,10,1,1249.0,74.94
2603,868,33,3,249.0,0.0
2604,868,43,1,15.99,0.8
2605,869,9,2,1449.0,57.96
2606,869,4,4,799.0,79.9
2607,869,35,1,199.0,29.85
2608,869,33,3,249.0,0.0
2609,869,52,4,17.99,0.9
2610,870,48,4,149.99,15.0
2611,870,22,2,79.0,14.22
2612,870,29,1,99.99,5.0
2613,870,32,2,199.0,39.8
2614,870,6,3,1999.0,0.0
2616,871,9,2,1449.0,57.96
2617,871,56,4,199.99,20.0
2618,871,15,3,449.0,0.0
2619,872,6,1,1999.0,0.0
2620,872,55,4,469.99,23.5
2621,873,22,4,79.0,14.22
2622,874,10,1,1249.0,74.94
2623,874,31,4,429.0,12.87
2624,875,46,1,349.0,27.92
2625,875,8,4,1349.0,94.43
2626,876,52,3,17.99,0.9
2627,876,46,1,349.0,27.92
2628,876,54,3,35.99,2.88
2629,876,38,2,179.0,21.48
2630,877,49,2,599.0,0.0
2631,878,14,4,179.0,8.95
2632,879,9,4,1449.0,57.96
2633,879,53,1,199.0,29.85
2634,879,22,3,79.0,14.22
2635,879,56,1,199.99,20.0
2636,880,35,4,199.0,29.85
2637,880,48,1,149.99,15.0
2638,880,39,3,329.0,0.0
2639,881,45,3,2495.0,0.0
2640,882,31,3,429.0,12.87
2641,882,54,2,35.99,2.88
2642,882,1,3,1199.0,35.97
2643,882,12,3,249.0,19.92
2644,883,3,3,999.0,79.92
2645,883,55,1,469.99,23.5
2646,883,31,3,429.0,12.87
2647,884,55,1,469.99,23.5
2648,884,3,3,999.0,79.92
2649,884,37,-1,699.0,34.95
2650,885,4,1,799.0,79.9
2651,885,13,4,329.0,49.35
2652,886,38,2,179.0,21.48
2653,886,54,4,35.99,2.88
2654,886,16,2,2499.0,0.0
2655,886,50,1,345.0,0.0
2656,887,7,2,1799.0,89.95
2657,887,21,3,35.0,3.5
2659,889,54,1,35.99,2.88
2660,889,44,4,13.99,0.0
2662,889,32,2,199.0,39.8
2663,890,1,3,1199.0,35.97
2664,890,22,4,79.0,14.22
2665,890,42,3,12.99,0.0
2666,891,11,1,349.0,41.88
2667,892,56,4,199.99,20.0
2668,892,40,2,1599.0,127.92
2670,892,38,1,179.0,21.48
2671,892,49,3,599.0,0.0
2672,893,31,2,429.0,12.87
2673,893,50,2,345.0,0.0
2674,894,50,1,345.0,0.0
2675,894,17,2,2499.0,0.0
2676,894,20,4,98.0,14.7
2677,895,17,2,2499.0,0.0
2678,895,1,4,1199.0,35.97
2679,896,23,4,128.0,6.4
2680,897,2,3,1299.0,64.95
2681,897,25,1,78.0,9.36
2682,897,18,2,399.0,39.9
2683,898,36,1,449.0,44.9
2684,898,18,4,399.0,39.9
2685,898,18,1,399.0,39.9
2686,899,5,4,1099.0,21.98
2687,899,2,4,1299.0,64.95
2688,899,45,1,2495.0,0.0
2689,899,14,4,179.0,8.95
2690,900,51,2,54.99,6.6
2691,900,50,2,345.0,0.0
2692,900,5,2,1099.0,21.98
2693,900,51,1,54.99,6.6
2694,900,11,3,349.0,41.88
2695,901,39,3,329.0,0.0
2696,901,45,1,2495.0,0.0
2697,901,26,1,45.0,3.6
2698,901,54,2,35.99,2.88
2699,902,34,1,99.95,21.99
2700,902,25,3,78.0,9.36
2701,902,51,4,54.99,6.6
2702,903,23,2,128.0,6.4
2703,904,30,0,160.0,24.0
2704,904,2,2,1299.0,64.95
2705,904,26,3,45.0,3.6
2706,905,38,3,179.0,21.48
2707,905,56,2,199.99,20.0
2708,905,20,3,98.0,14.7
2709,905,23,3,128.0,6.4
2710,905,4,3,799.0,79.9
2711,906,42,4,12.99,0.0
2712,906,21,2,35.0,3.5
2713,906,6,3,1999.0,0.0
2714,906,24,4,49.99,12.5
2715,907,43,1,15.99,0.8
2716,907,34,1,99.95,21.99
2717,907,28,1,190.0,15.2
2718,907,24,3,49.99,12.5
2719,908,48,1,149.99,15.0
2721,909,42,2,12.99,0.0
2722,909,52,3,17.99,0.9
2723,910,23,4,189.45,6.4
2724,910,20,1,98.0,14.7
2725,910,49,1,599.0,0.0
2727,912,47,1,120.0,6.0
2728,912,32,2,199.0,39.8
2729,912,51,3,54.99,6.6
2730,912,31,3,429.0,12.87
2731,912,45,3,2495.0,0.0
2732,913,45,1,2495.0,0.0
2733,913,24,4,49.99,12.5
2734,914,13,1,329.0,49.35
2735,914,31,2,429.0,12.87
2736,914,2,2,1299.0,64.95
2737,914,56,4,199.99,20.0
2739,915,30,4,160.0,24.0
2740,915,7,1,1799.0,89.95
2741,915,38,4,179.0,21.48
2742,915,50,3,345.0,0.0
2743,916,53,3,199.0,29.85
2744,916,25,2,78.0,9.36
2745,916,11,4,349.0,41.88
2746,917,12,2,249.0,19.92
2748,918,3,1,999.0,79.92
2749,918,30,1,160.0,24.0
2750,919,52,1,17.99,0.9
2751,919,44,3,13.99,0.0
2752,919,25,1,78.0,9.36
2753,919,45,4,2495.0,0.0
2754,920,17,3,2499.0,0.0
2755,921,40,2,1599.0,127.92
2756,921,2,4,1299.0,64.95
2757,921,42,4,12.99,0.0
2758,922,33,1,249.0,0.0
2759,923,30,2,160.0,24.0
2761,923,43,1,15.99,0.8
2762,923,28,4,190.0,15.2
2763,923,33,2,249.0,0.0
2764,924,48,1,149.99,15.0
2765,925,28,4,190.0,15.2
2766,925,56,1,199.99,20.0
2767,926,55,1,469.99,23.5
2768,926,54,2,35.99,2.88
2769,927,36,1,449.0,44.9
2771,927,37,3,699.0,34.95
2772,927,30,3,160.0,24.0
2773,927,26,2,45.0,3.6
2774,928,40,0,1599.0,127.92
2775,928,52,4,17.99,0.9
2776,929,55,1,469.99,23.5
2777,929,3,3,999.0,79.92
2779,930,6,4,1999.0,0.0
2780,930,39,0,329.0,0.0
2781,930,36,3,449.0,44.9
2782,930,6,4,1999.0,0.0
2783,930,12,3,249.0,19.92
2784,931,55,3,469.99,23.5
2785,931,38,2,179.0,21.48
2786,932,51,3,54.99,6.6
2787,932,6,3,1999.0,0.0
2788,932,38,4,179.0,21.48
2789,933,36,2,449.0,44.9
2790,934,8,3,1349.0,94.43
2791,934,11,3,349.0,41.88
2792,934,12,1,249.0,19.92
2793,934,29,1,99.99,5.0
2794,934,34,3,99.95,21.99
2795,935,45,3,2495.0,0.0
2796,936,38,2,179.0,21.48
2797,936,31,2,429.0,12.87
2798,936,48,1,149.99,15.0
2799,937,42,2,12.99,0.0
2800,938,6,4,1999.0,0.0
2801,938,10,3,1249.0,74.94
2802,938,35,2,199.0,29.85
2803,938,38,1,179.0,21.48
2804,939,52,3,17.99,0.9
2805,939,6,1,1999.0,0.0
2806,939,53,2,199.0,29.85
2807,939,31,2,429.0,12.87
2808,939,48,1,149.99,15.0
2809,940,2,1,1299.0,64.95
2810,940,40,4,1599.0,127.92
2811,940,39,4,329.0,0.0
2812,940,50,1,345.0,0.0
2813,940,15,1,449.0,0.0
2814,941,52,1,17.99,0.9
2815,941,15,2,449.0,0.0
2817,942,41,1,14.99,0.0
2818,942,18,3,399.0,39.9
2820,943,44,2,13.99,0.0
2821,943,32,3,199.0,39.8
2822,943,29,4,99.99,5.0
2823,943,6,1,1999.0,0.0
2824,944,8,4,1349.0,94.43
2825,944,13,1,329.0,49.35
2826,945,44,1,7.65,0.0
2827,945,18,3,399.0,39.9
2828,945,56,2,199.99,20.0
2829,946,1,1,1199.0,35.97
2831,946,30,1,160.0,24.0
2832,946,52,3,17.99,0.9
2833,946,50,4,345.0,0.0
2834,947,47,3,120.0,6.0
2835,947,53,3,199.0,29.85
2836,948,46,4,349.0,27.92
2837,949,18,4,399.0,39.9
2838,949,36,2,449.0,44.9
2839,950,49,1,599.0,0.0
2840,950,33,3,249.0,0.0
2841,951,21,4,35.0,3.5
2842,951,55,2,469.99,23.5
2843,951,28,4,190.0,15.2
2844,951,1,4,1199.0,35.97
2845,952,14,2,179.0,8.95
2846,952,36,1,449.0,44.9
2847,952,8,2,1349.0,94.43
2848,953,45,1,2495.0,0.0
2849,954,43,2,15.99,0.8
2850,954,35,4,199.0,29.85
2851,955,44,3,13.99,0.0
2852,955,3,3,999.0,79.92
2853,955,42,4,12.99,0.0
2854,955,33,3,249.0,0.0
2855,956,34,3,99.95,21.99
2856,956,15,4,449.0,0.0
2857,957,15,3,449.0,0.0
2858,957,37,2,699.0,34.95
2859,958,37,1,699.0,34.95
2860,958,30,1,160.0,24.0
2861,958,30,4,160.0,24.0
2862,958,14,1,179.0,8.95
2863,958,29,4,99.99,5.0
2864,959,52,3,17.99,0.9
2866,959,1,3,1199.0,35.97
2867,959,16,3,2499.0,0.0
2868,960,8,2,1349.0,94.43
2869,961,49,1,599.0,0.0
2870,962,7,4,1799.0,89.95
2871,962,53,4,199.0,29.85
2872,962,50,2,345.0,0.0
2873,962,24,1,49.99,12.5
2874,962,48,3,149.99,15.0
2875,963,30,4,160.0,24.0
2876,963,50,1,345.0,0.0
2877,963,7,2,1799.0,89.95
2878,964,40,3,1599.0,127.92
2879,964,26,3,45.0,3.6
2880,964,43,3,15.99,0.8
2881,965,53,4,199.0,29.85
2882,965,5,2,1099.0,21.98
2883,965,21,2,35.0,3.5
2884,965,23,1,128.0,6.4
2885,965,2,1,1299.0,64.95
2886,966,20,2,98.0,14.7
2887,966,56,1,199.99,20.0
2888,966,33,4,249.0,0.0
2889,966,10,2,1249.0,74.94
2890,966,41,2,14.99,0.0
2891,967,33,3,249.0,0.0
2892,967,11,3,349.0,41.88
2893,967,48,3,149.99,15.0
2894,967,4,3,799.0,79.9
2895,968,33,3,249.0,0.0
2896,968,42,1,12.99,0.0
2897,968,52,1,17.99,0.9
2898,968,32,3,199.0,39.8
2899,968,23,-1,128.0,6.4
2901,969,42,2,12.99,0.0
2902,969,55,3,469.99,23.5
2903,969,23,4,128.0,6.4
2904,969,34,2,99.95,21.99
2905,970,41,4,14.99,0.0
2906,970,38,3,179.0,21.48
2907,970,35,2,199.0,29.85
2908,971,20,1,98.0,14.7
2909,971,2,4,1299.0,64.95
2910,971,40,4,1599.0,127.92
2912,973,55,1,469.99,23.5
2913,973,12,2,249.0,19.92
2914,974,45,2,2495.0,0.0
2915,975,14,4,179.0,8.95
2916,976,3,4,999.0,79.92
2917,977,7,4,1799.0,89.95
2919,977,53,2,199.0,29.85
2920,977,15,1,449.0,0.0
2921,977,3,1,999.0,79.92
2922,978,15,3,449.0,0.0
2923,978,43,2,15.99,0.8
2924,978,55,4,469.99,23.5
2925,978,22,2,79.0,14.22
2926,978,56,1,199.99,20.0
2927,979,47,2,120.0,6.0
2928,980,32,2,199.0,39.8
2929,981,7,1,1799.0,89.95
2930,981,25,1,78.0,9.36
2932,982,6,1,1999.0,0.0
2933,983,18,1,399.0,39.9
2934,983,34,3,99.95,21.99
2935,983,48,2,149.99,15.0
2936,983,24,2,49.99,12.5
2937,984,32,2,199.0,39.8
2938,984,5,1,1099.0,21.98
2939,985,17,2,2499.0,0.0
2940,985,25,1,78.0,9.36
2941,986,24,4,49.99,12.5
2942,986,33,3,249.0,0.0
2943,986,51,4,54.99,6.6
2944,986,46,3,349.0,27.92
2945,986,36,1,449.0,44.9
2947,987,52,2,17.99,0.9
2948,987,51,0,54.99,6.6
2949,987,3,4,999.0,79.92
2950,987,54,2,35.99,2.88
2951,988,40,4,1599.0,127.92
2952,988,53,4,199.0,29.85
2953,988,17,4,2499.0,0.0
2954,989,50,3,345.0,0.0
2955,990,6,3,1999.0,0.0
2956,990,11,2,349.0,41.88
2957,990,3,2,999.0,79.92
2958,990,43,3,15.99,0.8
2959,990,51,3,54.99,6.6
2960,991,4,1,799.0,79.9
2961,992,55,4,469.99,23.5
2962,993,29,3,99.99,5.0
2963,993,54,3,35.99,2.88
2964,994,49,0,599.0,0.0
2965,994,33,4,249.0,0.0
2966,995,5,4,1099.0,21.98
2967,995,41,1,14.99,0.0
2968,995,5,2,1099.0,21.98
2969,995,31,2,429.0,12.87
2970,995,51,3,54.99,6.6
2971,996,6,4,1999.0,0.0
2972,996,1,3,1199.0,35.97
2973,996,34,1,148.22,21.99
2974,997,49,4,599.0,0.0
2975,997,40,4,1599.0,127.92
2976,997,45,1,2495.0,0.0
2977,997,55,4,469.99,23.5
2978,998,44,1,13.99,0.0
2979,998,31,1,429.0,12.87
2980,998,54,3,35.99,2.88
2981,998,36,3,449.0,44.9
2982,998,4,1,799.0,79.9
2983,999,43,3,15.99,0.8
2984,1000,7,1,1799.0,89.95
